scons: Reading SConscript files ...
Using Visual Studio 14.3 with Windows SDK 10.0.26100.0.
WARNING: The ANGLE rendering driver requires dependencies to be installed.
You can install them by running `python misc\scripts\install_angle.py`.
See the documentation for more information:
	https://docs.godotengine.org/en/latest/engine_details/development/compiling/compiling_for_windows.html
Alternatively, disable this driver by compiling with `angle=no` explicitly.
Building for platform "windows", architecture "x86_64", target "editor".
scons: done reading SConscript files.
scons: Building targets ...
Compiling platform\windows\console_wrapper_windows.cpp ...
Generating core\version_generated.gen.h ...
Compiling platform\windows\cpu_feature_validation.c ...
Creating Compiled Resource bin\obj\platform\windows\godot_res_wrap.windows.editor.x86_64.obj ...
Generating core\object\gdvirtual.gen.h ...
Generating core\profiling\profiling.gen.h ...
Generating core\extension\gdextension_interface.gen.h ...
Generating drivers\gles3\shaders\effects\copy.glsl.gen.h ...
Generating drivers\gles3\shaders\effects\cubemap_filter.glsl.gen.h ...
Generating drivers\gles3\shaders\feed.glsl.gen.h ...
Generating drivers\gles3\shaders\effects\glow.glsl.gen.h ...
Generating drivers\gles3\shaders\effects\post.glsl.gen.h ...
Generating drivers\gles3\shaders\canvas.glsl.gen.h ...
Generating drivers\gles3\shaders\canvas_occlusion.glsl.gen.h ...
Generating drivers\gles3\shaders\particles.glsl.gen.h ...
Generating drivers\gles3\shaders\scene.glsl.gen.h ...
Generating drivers\gles3\shaders\sky.glsl.gen.h ...
Generating drivers\gles3\shaders\tex_blit.glsl.gen.h ...
Generating drivers\gles3\shaders\skeleton.glsl.gen.h ...
Generating drivers\gles3\shaders\particles_copy.glsl.gen.h ...
Generating drivers\gles3\shaders\canvas_sdf.glsl.gen.h ...
Generating servers\rendering\renderer_rd\shaders\blit.glsl.gen.h ...
Compiling platform\windows\os_windows.cpp ...
Generating servers\rendering\renderer_rd\shaders\environment\volumetric_fog.glsl.gen.h ...
Generating servers\rendering\renderer_rd\shaders\environment\volumetric_fog_process.glsl.gen.h ...
Generating servers\rendering\renderer_rd\shaders\canvas.glsl.gen.h ...
Generating servers\rendering\renderer_rd\shaders\canvas_occlusion.glsl.gen.h ...
Generating servers\rendering\renderer_rd\shaders\skeleton.glsl.gen.h ...
Generating servers\rendering\renderer_rd\shaders\particles.glsl.gen.h ...
Generating servers\rendering\renderer_rd\shaders\particles_copy.glsl.gen.h ...
Generating servers\rendering\renderer_rd\shaders\canvas_sdf.glsl.gen.h ...
Generating servers\rendering\renderer_rd\shaders\tex_blit.glsl.gen.h ...
Generating servers\rendering\renderer_rd\shaders\environment\gi.glsl.gen.h ...
Generating servers\rendering\renderer_rd\shaders\environment\sdfgi_debug.glsl.gen.h ...
Generating servers\rendering\renderer_rd\shaders\environment\sdfgi_debug_probes.glsl.gen.h ...
Generating servers\rendering\renderer_rd\shaders\environment\sdfgi_direct_light.glsl.gen.h ...
Generating servers\rendering\renderer_rd\shaders\environment\sdfgi_integrate.glsl.gen.h ...
Generating servers\rendering\renderer_rd\shaders\environment\sdfgi_preprocess.glsl.gen.h ...
Generating servers\rendering\renderer_rd\shaders\environment\voxel_gi.glsl.gen.h ...
Generating servers\rendering\renderer_rd\shaders\environment\voxel_gi_debug.glsl.gen.h ...
Generating servers\rendering\renderer_rd\shaders\effects\bokeh_dof.glsl.gen.h ...
Generating servers\rendering\renderer_rd\shaders\effects\bokeh_dof_raster.glsl.gen.h ...
Generating servers\rendering\renderer_rd\shaders\effects\blur_raster.glsl.gen.h ...
Generating servers\rendering\renderer_rd\shaders\effects\copy.glsl.gen.h ...
Generating servers\rendering\renderer_rd\shaders\effects\copy_to_fb.glsl.gen.h ...
Generating servers\rendering\renderer_rd\shaders\effects\cube_to_dp.glsl.gen.h ...
Generating servers\rendering\renderer_rd\shaders\effects\cube_to_octmap.glsl.gen.h ...
Generating servers\rendering\renderer_rd\shaders\effects\octmap_downsampler.glsl.gen.h ...
Generating servers\rendering\renderer_rd\shaders\effects\octmap_downsampler_raster.glsl.gen.h ...
Generating servers\rendering\renderer_rd\shaders\effects\octmap_filter.glsl.gen.h ...
Generating servers\rendering\renderer_rd\shaders\effects\octmap_filter_raster.glsl.gen.h ...
Generating servers\rendering\renderer_rd\shaders\effects\octmap_roughness.glsl.gen.h ...
Generating servers\rendering\renderer_rd\shaders\effects\octmap_roughness_raster.glsl.gen.h ...
Generating servers\rendering\renderer_rd\shaders\effects\specular_merge.glsl.gen.h ...
Generating servers\rendering\renderer_rd\shaders\effects\motion_vectors.glsl.gen.h ...
Generating servers\rendering\renderer_rd\shaders\effects\shadow_frustum.glsl.gen.h ...
Generating servers\rendering\renderer_rd\shaders\effects\fsr_upscale.glsl.gen.h ...
Generating servers\rendering\renderer_rd\shaders\effects\luminance_reduce.glsl.gen.h ...
Generating servers\rendering\renderer_rd\shaders\effects\luminance_reduce_raster.glsl.gen.h ...
Generating servers\rendering\renderer_rd\shaders\effects\resolve.glsl.gen.h ...
Generating servers\rendering\renderer_rd\shaders\effects\resolve_raster.glsl.gen.h ...
Generating servers\rendering\renderer_rd\shaders\effects\smaa_blending.glsl.gen.h ...
Generating servers\rendering\renderer_rd\shaders\effects\smaa_edge_detection.glsl.gen.h ...
Generating servers\rendering\renderer_rd\shaders\effects\smaa_weight_calculation.glsl.gen.h ...
Generating servers\rendering\renderer_rd\shaders\effects\tonemap.glsl.gen.h ...
Generating servers\rendering\renderer_rd\shaders\effects\tonemap_mobile.glsl.gen.h ...
Generating servers\rendering\renderer_rd\shaders\effects\vrs.glsl.gen.h ...
Generating servers\rendering\renderer_rd\shaders\environment\sky.glsl.gen.h ...
Generating servers\rendering\renderer_rd\shaders\cluster_debug.glsl.gen.h ...
Generating servers\rendering\renderer_rd\shaders\cluster_render.glsl.gen.h ...
Generating servers\rendering\renderer_rd\shaders\cluster_store.glsl.gen.h ...
Compiling platform\windows\key_mapping_windows.cpp ...
Compiling platform\windows\display_server_windows.cpp ...
Compiling platform\windows\windows_terminal_logger.cpp ...
Compiling platform\windows\windows_utils.cpp ...
Compiling platform\windows\native_menu_windows.cpp ...
Compiling platform\windows\gl_manager_windows_native.cpp ...
Compiling platform\windows\wgl_detect_version.cpp ...
Compiling platform\windows\rendering_context_driver_vulkan_windows.cpp ...
Compiling platform\windows\drop_target_windows.cpp ...
Compiling platform\windows\godot_windows.cpp ...
Compiling platform\windows\crash_handler_windows_seh.cpp ...
Compiling platform\windows\tts_windows.cpp ...
Compiling platform\windows\tts_driver_sapi.cpp ...
Compiling platform\windows\winrt_utils.cpp ...
Compiling platform\windows\tts_driver_onecore.cpp ...
Creating Compiled Resource bin\obj\platform\windows\godot_res.windows.editor.x86_64.obj ...
Generating core\extension\gdextension_interface_dump.gen.h ...
Generating editor\doc\doc_data_class_path.gen.h ...
Generating main\app_icon.gen.h ...
Generating main\splash.gen.h ...
Generating modules\modules_enabled.gen.h ...
Generating core\disabled_classes.gen.h ...
Generating core\extension\ext_wrappers.gen.h ...
Compiling main\main_timer_sync.cpp ...
Compiling main\main.cpp ...
Compiling main\performance.cpp ...
Compiling main\steam_tracker.cpp ...
Generating modules\register_module_types.gen.cpp ...
Compiling modules\register_module_types.gen.cpp ...
Linking Static Library bin\obj\modules\modules.windows.editor.x86_64.lib ...
Compiling thirdparty\harfbuzz\src\hb-aat-layout.cc ...
Compiling thirdparty\harfbuzz\src\hb-aat-map.cc ...
Compiling thirdparty\harfbuzz\src\hb-blob.cc ...
Compiling thirdparty\harfbuzz\src\hb-buffer-serialize.cc ...
Compiling thirdparty\harfbuzz\src\hb-buffer-verify.cc ...
Compiling thirdparty\harfbuzz\src\hb-buffer.cc ...
Compiling thirdparty\harfbuzz\src\hb-common.cc ...
Compiling thirdparty\harfbuzz\src\hb-draw.cc ...
Compiling thirdparty\harfbuzz\src\hb-face-builder.cc ...
Compiling thirdparty\harfbuzz\src\hb-face.cc ...
Compiling thirdparty\harfbuzz\src\hb-fallback-shape.cc ...
Compiling thirdparty\harfbuzz\src\hb-font.cc ...
Compiling thirdparty\harfbuzz\src\hb-icu.cc ...
Compiling thirdparty\harfbuzz\src\hb-map.cc ...
Compiling thirdparty\harfbuzz\src\hb-number.cc ...
Compiling thirdparty\harfbuzz\src\hb-ot-cff1-table.cc ...
Compiling thirdparty\harfbuzz\src\hb-ot-cff2-table.cc ...
Compiling thirdparty\harfbuzz\src\hb-ot-color.cc ...
Compiling thirdparty\harfbuzz\src\hb-ot-face.cc ...
Compiling thirdparty\harfbuzz\src\hb-ot-font.cc ...
Compiling thirdparty\harfbuzz\src\hb-ot-layout.cc ...
Compiling thirdparty\harfbuzz\src\hb-ot-map.cc ...
Compiling thirdparty\harfbuzz\src\hb-ot-math.cc ...
Compiling thirdparty\harfbuzz\src\hb-ot-meta.cc ...
Compiling thirdparty\harfbuzz\src\hb-ot-metrics.cc ...
Compiling thirdparty\harfbuzz\src\hb-ot-name.cc ...
Compiling thirdparty\harfbuzz\src\hb-ot-shaper-arabic.cc ...
Compiling thirdparty\harfbuzz\src\hb-ot-shaper-default.cc ...
Compiling thirdparty\harfbuzz\src\hb-ot-shaper-hangul.cc ...
Compiling thirdparty\harfbuzz\src\hb-ot-shaper-hebrew.cc ...
Compiling thirdparty\harfbuzz\src\hb-ot-shaper-indic-table.cc ...
Compiling thirdparty\harfbuzz\src\hb-ot-shaper-indic.cc ...
Compiling thirdparty\harfbuzz\src\hb-ot-shaper-khmer.cc ...
Compiling thirdparty\harfbuzz\src\hb-ot-shaper-myanmar.cc ...
Compiling thirdparty\harfbuzz\src\hb-ot-shaper-syllabic.cc ...
Compiling thirdparty\harfbuzz\src\hb-ot-shaper-thai.cc ...
Compiling thirdparty\harfbuzz\src\hb-ot-shaper-use.cc ...
Compiling thirdparty\harfbuzz\src\hb-ot-shaper-vowel-constraints.cc ...
Compiling thirdparty\harfbuzz\src\hb-ot-shape-fallback.cc ...
Compiling thirdparty\harfbuzz\src\hb-ot-shape-normalize.cc ...
Compiling thirdparty\harfbuzz\src\hb-ot-shape.cc ...
Compiling thirdparty\harfbuzz\src\hb-ot-tag.cc ...
Compiling thirdparty\harfbuzz\src\hb-ot-var.cc ...
Compiling thirdparty\harfbuzz\src\hb-outline.cc ...
Compiling thirdparty\harfbuzz\src\hb-paint-bounded.cc ...
Compiling thirdparty\harfbuzz\src\hb-paint-extents.cc ...
Compiling thirdparty\harfbuzz\src\hb-paint.cc ...
Compiling thirdparty\harfbuzz\src\hb-set.cc ...
Compiling thirdparty\harfbuzz\src\hb-shape-plan.cc ...
Compiling thirdparty\harfbuzz\src\hb-shape.cc ...
Compiling thirdparty\harfbuzz\src\hb-shaper.cc ...
Compiling thirdparty\harfbuzz\src\hb-static.cc ...
Compiling thirdparty\harfbuzz\src\hb-style.cc ...
Compiling thirdparty\harfbuzz\src\hb-raster.cc ...
Compiling thirdparty\harfbuzz\src\hb-raster-draw.cc ...
Linking Static Library bin\obj\main\main.windows.editor.x86_64.lib ...
Compiling thirdparty\harfbuzz\src\hb-raster-image.cc ...
Compiling thirdparty\harfbuzz\src\hb-raster-paint.cc ...
Compiling thirdparty\harfbuzz\src\hb-vector-draw.cc ...
Compiling thirdparty\harfbuzz\src\hb-vector-paint-svg.cc ...
Compiling thirdparty\harfbuzz\src\hb-vector-paint.cc ...
Compiling thirdparty\harfbuzz\src\hb-vector-path.cc ...
Compiling thirdparty\harfbuzz\src\hb-vector.cc ...
Compiling thirdparty\harfbuzz\src\hb-subset.cc ...
Compiling thirdparty\harfbuzz\src\hb-ucd.cc ...
Compiling thirdparty\harfbuzz\src\hb-unicode.cc ...
Compiling thirdparty\harfbuzz\src\hb-zlib.cc ...
Compiling thirdparty\harfbuzz\src\OT\Var\VARC\VARC.cc ...
Compiling thirdparty\harfbuzz\src\hb-ft.cc ...
Compiling thirdparty\harfbuzz\src\hb-graphite2.cc ...
Compiling thirdparty\graphite\src\gr_char_info.cpp ...
Compiling thirdparty\graphite\src\gr_face.cpp ...
Compiling thirdparty\graphite\src\gr_features.cpp ...
Compiling thirdparty\graphite\src\gr_font.cpp ...
Compiling thirdparty\graphite\src\gr_logging.cpp ...
Compiling thirdparty\graphite\src\gr_segment.cpp ...
Compiling thirdparty\graphite\src\gr_slot.cpp ...
Compiling thirdparty\graphite\src\CmapCache.cpp ...
Compiling thirdparty\graphite\src\Code.cpp ...
Compiling thirdparty\graphite\src\Collider.cpp ...
Compiling thirdparty\graphite\src\Decompressor.cpp ...
Compiling thirdparty\graphite\src\Face.cpp ...
Compiling thirdparty\graphite\src\FeatureMap.cpp ...
Compiling thirdparty\graphite\src\Font.cpp ...
Compiling thirdparty\graphite\src\GlyphCache.cpp ...
Compiling thirdparty\graphite\src\GlyphFace.cpp ...
Compiling thirdparty\graphite\src\Intervals.cpp ...
Compiling thirdparty\graphite\src\Justifier.cpp ...
Compiling thirdparty\graphite\src\NameTable.cpp ...
Compiling thirdparty\graphite\src\Pass.cpp ...
Compiling thirdparty\graphite\src\Position.cpp ...
Compiling thirdparty\graphite\src\Segment.cpp ...
Compiling thirdparty\graphite\src\Silf.cpp ...
Compiling thirdparty\graphite\src\Slot.cpp ...
Compiling thirdparty\graphite\src\Sparse.cpp ...
Compiling thirdparty\graphite\src\TtfUtil.cpp ...
Compiling thirdparty\graphite\src\UtfCodec.cpp ...
Compiling thirdparty\graphite\src\FileFace.cpp ...
Compiling thirdparty\graphite\src\json.cpp ...
Compiling thirdparty\graphite\src\call_machine.cpp ...
Compiling thirdparty\icu4c\common\appendable.cpp ...
Compiling thirdparty\icu4c\common\bmpset.cpp ...
Compiling thirdparty\icu4c\common\brkeng.cpp ...
Compiling thirdparty\icu4c\common\brkiter.cpp ...
Compiling thirdparty\icu4c\common\bytesinkutil.cpp ...
Linking Static Library bin\obj\modules\text_server_adv\graphite_builtin.windows.editor.x86_64.lib ...
Compiling thirdparty\icu4c\common\bytestream.cpp ...
Compiling thirdparty\icu4c\common\bytestrie.cpp ...
Compiling thirdparty\icu4c\common\bytestriebuilder.cpp ...
Compiling thirdparty\icu4c\common\bytestrieiterator.cpp ...
Compiling thirdparty\icu4c\common\caniter.cpp ...
Compiling thirdparty\icu4c\common\characterproperties.cpp ...
Compiling thirdparty\icu4c\common\chariter.cpp ...
Compiling thirdparty\icu4c\common\charstr.cpp ...
Compiling thirdparty\icu4c\common\cmemory.cpp ...
Compiling thirdparty\icu4c\common\cstr.cpp ...
Compiling thirdparty\icu4c\common\cstring.cpp ...
Compiling thirdparty\icu4c\common\cwchar.cpp ...
Compiling thirdparty\icu4c\common\dictbe.cpp ...
Compiling thirdparty\icu4c\common\dictionarydata.cpp ...
Compiling thirdparty\icu4c\common\dtintrv.cpp ...
Compiling thirdparty\icu4c\common\edits.cpp ...
Compiling thirdparty\icu4c\common\emojiprops.cpp ...
Compiling thirdparty\icu4c\common\errorcode.cpp ...
Compiling thirdparty\icu4c\common\filteredbrk.cpp ...
Compiling thirdparty\icu4c\common\filterednormalizer2.cpp ...
Compiling thirdparty\icu4c\common\fixedstring.cpp ...
Compiling thirdparty\icu4c\common\icudataver.cpp ...
Compiling thirdparty\icu4c\common\icuplug.cpp ...
Compiling thirdparty\icu4c\common\loadednormalizer2impl.cpp ...
Compiling thirdparty\icu4c\common\localebuilder.cpp ...
Compiling thirdparty\icu4c\common\localematcher.cpp ...
Compiling thirdparty\icu4c\common\localeprioritylist.cpp ...
Compiling thirdparty\icu4c\common\locavailable.cpp ...
Compiling thirdparty\icu4c\common\locbased.cpp ...
Compiling thirdparty\icu4c\common\locdispnames.cpp ...
Compiling thirdparty\icu4c\common\locdistance.cpp ...
Compiling thirdparty\icu4c\common\locdspnm.cpp ...
Compiling thirdparty\icu4c\common\locid.cpp ...
Compiling thirdparty\icu4c\common\loclikely.cpp ...
Compiling thirdparty\icu4c\common\loclikelysubtags.cpp ...
Compiling thirdparty\icu4c\common\locmap.cpp ...
Compiling thirdparty\icu4c\common\locresdata.cpp ...
Compiling thirdparty\icu4c\common\locutil.cpp ...
Compiling thirdparty\icu4c\common\lsr.cpp ...
Compiling thirdparty\icu4c\common\lstmbe.cpp ...
Compiling thirdparty\icu4c\common\messagepattern.cpp ...
Compiling thirdparty\icu4c\common\mlbe.cpp ...
Compiling thirdparty\icu4c\common\normalizer2.cpp ...
Compiling thirdparty\icu4c\common\normalizer2impl.cpp ...
Compiling thirdparty\icu4c\common\normlzr.cpp ...
Compiling thirdparty\icu4c\common\parsepos.cpp ...
Compiling thirdparty\icu4c\common\patternprops.cpp ...
Compiling thirdparty\icu4c\common\pluralmap.cpp ...
Compiling thirdparty\icu4c\common\propname.cpp ...
Compiling thirdparty\icu4c\common\propsvec.cpp ...
Compiling thirdparty\icu4c\common\punycode.cpp ...
Compiling thirdparty\icu4c\common\putil.cpp ...
Compiling thirdparty\icu4c\common\rbbi.cpp ...
Compiling thirdparty\icu4c\common\rbbi_cache.cpp ...
Linking Static Library bin\obj\modules\text_server_adv\harfbuzz_builtin.windows.editor.x86_64.lib ...
Compiling thirdparty\icu4c\common\rbbidata.cpp ...
Compiling thirdparty\icu4c\common\rbbinode.cpp ...
Compiling thirdparty\icu4c\common\rbbirb.cpp ...
Compiling thirdparty\icu4c\common\rbbiscan.cpp ...
Compiling thirdparty\icu4c\common\rbbisetb.cpp ...
Compiling thirdparty\icu4c\common\rbbistbl.cpp ...
Compiling thirdparty\icu4c\common\rbbitblb.cpp ...
Compiling thirdparty\icu4c\common\resbund.cpp ...
Compiling thirdparty\icu4c\common\resbund_cnv.cpp ...
Compiling thirdparty\icu4c\common\resource.cpp ...
Compiling thirdparty\icu4c\common\restrace.cpp ...
Compiling thirdparty\icu4c\common\ruleiter.cpp ...
Compiling thirdparty\icu4c\common\schriter.cpp ...
Compiling thirdparty\icu4c\common\serv.cpp ...
Compiling thirdparty\icu4c\common\servlk.cpp ...
Compiling thirdparty\icu4c\common\servlkf.cpp ...
Compiling thirdparty\icu4c\common\servls.cpp ...
Compiling thirdparty\icu4c\common\servnotf.cpp ...
Compiling thirdparty\icu4c\common\servrbf.cpp ...
Compiling thirdparty\icu4c\common\servslkf.cpp ...
Compiling thirdparty\icu4c\common\sharedobject.cpp ...
Compiling thirdparty\icu4c\common\simpleformatter.cpp ...
Compiling thirdparty\icu4c\common\static_unicode_sets.cpp ...
Compiling thirdparty\icu4c\common\stringpiece.cpp ...
Compiling thirdparty\icu4c\common\stringtriebuilder.cpp ...
Compiling thirdparty\icu4c\common\uarrsort.cpp ...
Compiling thirdparty\icu4c\common\ubidi.cpp ...
Compiling thirdparty\icu4c\common\ubidi_props.cpp ...
Compiling thirdparty\icu4c\common\ubidiln.cpp ...
Compiling thirdparty\icu4c\common\ubiditransform.cpp ...
Compiling thirdparty\icu4c\common\ubidiwrt.cpp ...
Compiling thirdparty\icu4c\common\ubrk.cpp ...
Compiling thirdparty\icu4c\common\ucase.cpp ...
Compiling thirdparty\icu4c\common\ucasemap.cpp ...
Compiling thirdparty\icu4c\common\ucasemap_titlecase_brkiter.cpp ...
Compiling thirdparty\icu4c\common\ucat.cpp ...
Compiling thirdparty\icu4c\common\uchar.cpp ...
Compiling thirdparty\icu4c\common\ucharstrie.cpp ...
Compiling thirdparty\icu4c\common\ucharstriebuilder.cpp ...
Compiling thirdparty\icu4c\common\ucharstrieiterator.cpp ...
Compiling thirdparty\icu4c\common\uchriter.cpp ...
Compiling thirdparty\icu4c\common\ucln_cmn.cpp ...
Compiling thirdparty\icu4c\common\ucmndata.cpp ...
Compiling thirdparty\icu4c\common\ucnv.cpp ...
Compiling thirdparty\icu4c\common\ucnv2022.cpp ...
Compiling thirdparty\icu4c\common\ucnv_bld.cpp ...
Compiling thirdparty\icu4c\common\ucnv_cb.cpp ...
Compiling thirdparty\icu4c\common\ucnv_cnv.cpp ...
Compiling thirdparty\icu4c\common\ucnv_ct.cpp ...
Compiling thirdparty\icu4c\common\ucnv_err.cpp ...
Compiling thirdparty\icu4c\common\ucnv_ext.cpp ...
Compiling thirdparty\icu4c\common\ucnv_io.cpp ...
Compiling thirdparty\icu4c\common\ucnv_lmb.cpp ...
Compiling thirdparty\icu4c\common\ucnv_set.cpp ...
Compiling thirdparty\icu4c\common\ucnv_u16.cpp ...
Compiling thirdparty\icu4c\common\ucnv_u32.cpp ...
Compiling thirdparty\icu4c\common\ucnv_u7.cpp ...
Compiling thirdparty\icu4c\common\ucnv_u8.cpp ...
Compiling thirdparty\icu4c\common\ucnvbocu.cpp ...
Compiling thirdparty\icu4c\common\ucnvdisp.cpp ...
Compiling thirdparty\icu4c\common\ucnvhz.cpp ...
Compiling thirdparty\icu4c\common\ucnvisci.cpp ...
Compiling thirdparty\icu4c\common\ucnvlat1.cpp ...
Compiling thirdparty\icu4c\common\ucnvmbcs.cpp ...
Compiling thirdparty\icu4c\common\ucnvscsu.cpp ...
Compiling thirdparty\icu4c\common\ucnvsel.cpp ...
Compiling thirdparty\icu4c\common\ucol_swp.cpp ...
Compiling thirdparty\icu4c\common\ucptrie.cpp ...
Compiling thirdparty\icu4c\common\ucurr.cpp ...
Compiling thirdparty\icu4c\common\udata.cpp ...
Compiling thirdparty\icu4c\common\udatamem.cpp ...
Compiling thirdparty\icu4c\common\udataswp.cpp ...
Compiling thirdparty\icu4c\common\uenum.cpp ...
Compiling thirdparty\icu4c\common\uhash.cpp ...
Compiling thirdparty\icu4c\common\uhash_us.cpp ...
Compiling thirdparty\icu4c\common\uidna.cpp ...
Compiling thirdparty\icu4c\common\uinit.cpp ...
Compiling thirdparty\icu4c\common\uinvchar.cpp ...
Compiling thirdparty\icu4c\common\uiter.cpp ...
Compiling thirdparty\icu4c\common\ulist.cpp ...
Compiling thirdparty\icu4c\common\uloc.cpp ...
Compiling thirdparty\icu4c\common\uloc_keytype.cpp ...
Compiling thirdparty\icu4c\common\uloc_tag.cpp ...
Compiling thirdparty\icu4c\common\ulocale.cpp ...
Compiling thirdparty\icu4c\common\ulocbuilder.cpp ...
Compiling thirdparty\icu4c\common\umapfile.cpp ...
Compiling thirdparty\icu4c\common\umath.cpp ...
Compiling thirdparty\icu4c\common\umutablecptrie.cpp ...
Compiling thirdparty\icu4c\common\umutex.cpp ...
Compiling thirdparty\icu4c\common\unames.cpp ...
Compiling thirdparty\icu4c\common\unifiedcache.cpp ...
Compiling thirdparty\icu4c\common\unifilt.cpp ...
Compiling thirdparty\icu4c\common\unifunct.cpp ...
Compiling thirdparty\icu4c\common\uniset.cpp ...
Compiling thirdparty\icu4c\common\uniset_closure.cpp ...
Compiling thirdparty\icu4c\common\uniset_props.cpp ...
Compiling thirdparty\icu4c\common\unisetspan.cpp ...
Compiling thirdparty\icu4c\common\unistr.cpp ...
Compiling thirdparty\icu4c\common\unistr_case.cpp ...
Compiling thirdparty\icu4c\common\unistr_case_locale.cpp ...
Compiling thirdparty\icu4c\common\unistr_cnv.cpp ...
Compiling thirdparty\icu4c\common\unistr_props.cpp ...
Compiling thirdparty\icu4c\common\unistr_titlecase_brkiter.cpp ...
Compiling thirdparty\icu4c\common\unorm.cpp ...
Compiling thirdparty\icu4c\common\unormcmp.cpp ...
Compiling thirdparty\icu4c\common\uobject.cpp ...
Compiling thirdparty\icu4c\common\uprops.cpp ...
Compiling thirdparty\icu4c\common\ures_cnv.cpp ...
Compiling thirdparty\icu4c\common\uresbund.cpp ...
Compiling thirdparty\icu4c\common\uresdata.cpp ...
Compiling thirdparty\icu4c\common\usc_impl.cpp ...
Compiling thirdparty\icu4c\common\uscript.cpp ...
Compiling thirdparty\icu4c\common\uscript_props.cpp ...
Compiling thirdparty\icu4c\common\uset.cpp ...
Compiling thirdparty\icu4c\common\uset_props.cpp ...
Compiling thirdparty\icu4c\common\usetiter.cpp ...
Compiling thirdparty\icu4c\common\usprep.cpp ...
Compiling thirdparty\icu4c\common\ustack.cpp ...
Compiling thirdparty\icu4c\common\ustr_cnv.cpp ...
Compiling thirdparty\icu4c\common\ustr_titlecase_brkiter.cpp ...
Compiling thirdparty\icu4c\common\ustr_wcs.cpp ...
Compiling thirdparty\icu4c\common\ustrcase.cpp ...
Compiling thirdparty\icu4c\common\ustrcase_locale.cpp ...
Compiling thirdparty\icu4c\common\ustrenum.cpp ...
Compiling thirdparty\icu4c\common\ustrfmt.cpp ...
Compiling thirdparty\icu4c\common\ustring.cpp ...
Compiling thirdparty\icu4c\common\ustrtrns.cpp ...
Compiling thirdparty\icu4c\common\utext.cpp ...
Compiling thirdparty\icu4c\common\utf_impl.cpp ...
Compiling thirdparty\icu4c\common\util.cpp ...
Compiling thirdparty\icu4c\common\util_props.cpp ...
Compiling thirdparty\icu4c\common\utrace.cpp ...
Compiling thirdparty\icu4c\common\utrie.cpp ...
Compiling thirdparty\icu4c\common\utrie2.cpp ...
Compiling thirdparty\icu4c\common\utrie2_builder.cpp ...
Compiling thirdparty\icu4c\common\utrie_swap.cpp ...
Compiling thirdparty\icu4c\common\uts46.cpp ...
Compiling thirdparty\icu4c\common\utypes.cpp ...
Compiling thirdparty\icu4c\common\uvector.cpp ...
Compiling thirdparty\icu4c\common\uvectr32.cpp ...
Compiling thirdparty\icu4c\common\uvectr64.cpp ...
Compiling thirdparty\icu4c\common\wintz.cpp ...
Compiling thirdparty\icu4c\i18n\scriptset.cpp ...
Compiling thirdparty\icu4c\i18n\ucln_in.cpp ...
Compiling thirdparty\icu4c\i18n\uspoof.cpp ...
Compiling thirdparty\icu4c\i18n\uspoof_impl.cpp ...
Generating thirdparty\icu4c\icudata.gen.h ...
Compiling thirdparty\ufbx\ufbx.c ...
Linking Static Library bin\obj\modules\text_server_adv\icu_builtin.windows.editor.x86_64.lib ...
Compiling modules\gltf\gltf_document.cpp ...
Compiling modules\gltf\gltf_state.cpp ...
Compiling modules\text_server_adv\thorvg_svg_in_ot.cpp ...
Compiling modules\text_server_adv\script_iterator.cpp ...
Compiling modules\text_server_adv\register_types.cpp ...
Compiling modules\text_server_adv\text_server_adv.cpp ...
Compiling modules\gltf\register_types.cpp ...
Compiling modules\gltf\skin_tool.cpp ...
Compiling modules\fbx\fbx_state.cpp ...
Compiling modules\fbx\fbx_document.cpp ...
Compiling modules\fbx\register_types.cpp ...
Compiling modules\fbx\editor\editor_scene_importer_ufbx.cpp ...
Compiling modules\fbx\editor\editor_scene_importer_fbx2gltf.cpp ...
Compiling modules\gltf\structures\gltf_accessor.cpp ...
Compiling modules\gltf\structures\gltf_animation.cpp ...
Compiling modules\gltf\structures\gltf_buffer_view.cpp ...
Compiling modules\gltf\structures\gltf_camera.cpp ...
Compiling modules\gltf\structures\gltf_mesh.cpp ...
Compiling modules\gltf\structures\gltf_node.cpp ...
Linking Static Library bin\obj\modules\module_fbx.windows.editor.x86_64.lib ...
Compiling modules\gltf\structures\gltf_object_model_property.cpp ...
Compiling modules\gltf\structures\gltf_skeleton.cpp ...
Compiling modules\gltf\structures\gltf_skin.cpp ...
Compiling modules\gltf\structures\gltf_texture.cpp ...
Compiling modules\gltf\structures\gltf_texture_sampler.cpp ...
Compiling modules\gltf\extensions\gltf_document_extension.cpp ...
Compiling modules\gltf\extensions\gltf_document_extension_convert_importer_mesh.cpp ...
Compiling modules\gltf\extensions\gltf_document_extension_texture_ktx.cpp ...
Compiling modules\gltf\extensions\gltf_document_extension_texture_webp.cpp ...
Compiling modules\gltf\extensions\gltf_light.cpp ...
Compiling modules\gltf\extensions\gltf_spec_gloss.cpp ...
Compiling modules\gltf\extensions\physics\gltf_document_extension_physics.cpp ...
Compiling modules\gltf\extensions\physics\gltf_physics_body.cpp ...
Compiling modules\gltf\extensions\physics\gltf_physics_shape.cpp ...
Linking Static Library bin\obj\modules\module_text_server_adv.windows.editor.x86_64.lib ...
Compiling modules\gltf\editor\editor_import_blend_runner.cpp ...
Compiling modules\gltf\editor\editor_scene_exporter_gltf_plugin.cpp ...
Compiling modules\gltf\editor\editor_scene_exporter_gltf_settings.cpp ...
Compiling modules\gltf\editor\editor_scene_importer_blend.cpp ...
Compiling modules\gltf\editor\editor_scene_importer_gltf.cpp ...
Compiling thirdparty\libktx\lib\basis_transcode.cpp ...
Compiling thirdparty\libktx\lib\checkheader.c ...
Compiling thirdparty\libktx\lib\filestream.c ...
Compiling thirdparty\libktx\lib\hashlist.c ...
Compiling thirdparty\libktx\lib\memstream.c ...
Compiling thirdparty\libktx\lib\miniz_wrapper.cpp ...
Compiling thirdparty\libktx\lib\swap.c ...
Compiling thirdparty\libktx\lib\texture.c ...
Compiling thirdparty\libktx\lib\texture1.c ...
Compiling thirdparty\libktx\lib\texture2.c ...
Compiling thirdparty\libktx\lib\vkformat_check.c ...
Compiling thirdparty\libktx\lib\vkformat_check_variant.c ...
Compiling thirdparty\libktx\lib\vkformat_typesize.c ...
Compiling thirdparty\libktx\external\dfdutils\createdfd.c ...
Compiling thirdparty\libktx\external\dfdutils\colourspaces.c ...
Compiling thirdparty\libktx\external\dfdutils\interpretdfd.c ...
Compiling thirdparty\libktx\external\dfdutils\printdfd.c ...
Compiling thirdparty\libktx\external\dfdutils\queries.c ...
Compiling thirdparty\libktx\external\dfdutils\vk2dfd.c ...
Compiling thirdparty\thorvg\src\common\tvgColor.cpp ...
Compiling thirdparty\thorvg\src\common\tvgCompressor.cpp ...
Compiling thirdparty\thorvg\src\common\tvgMath.cpp ...
Compiling thirdparty\thorvg\src\common\tvgStr.cpp ...
Compiling modules\ktx\texture_loader_ktx.cpp ...
Compiling modules\ktx\register_types.cpp ...
Compiling thirdparty\thorvg\src\loaders\svg\tvgSvgCssStyle.cpp ...
Compiling thirdparty\thorvg\src\loaders\svg\tvgSvgLoader.cpp ...
Compiling thirdparty\thorvg\src\loaders\svg\tvgSvgPath.cpp ...
Compiling thirdparty\thorvg\src\loaders\svg\tvgSvgSceneBuilder.cpp ...
Compiling thirdparty\thorvg\src\loaders\svg\tvgSvgUtil.cpp ...
Compiling thirdparty\thorvg\src\loaders\svg\tvgXmlParser.cpp ...
Linking Static Library bin\obj\modules\module_ktx.windows.editor.x86_64.lib ...
Compiling thirdparty\thorvg\src\loaders\raw\tvgRawLoader.cpp ...
Compiling thirdparty\thorvg\src\loaders\external_png\tvgPngLoader.cpp ...
Compiling thirdparty\thorvg\src\renderer\tvgAccessor.cpp ...
Compiling thirdparty\thorvg\src\renderer\tvgCanvas.cpp ...
Compiling thirdparty\thorvg\src\renderer\tvgFill.cpp ...
Compiling thirdparty\thorvg\src\renderer\tvgInitializer.cpp ...
Linking Static Library bin\obj\modules\module_gltf.windows.editor.x86_64.lib ...
Compiling thirdparty\thorvg\src\renderer\tvgLoader.cpp ...
Compiling thirdparty\thorvg\src\renderer\tvgPaint.cpp ...
Compiling thirdparty\thorvg\src\renderer\tvgPicture.cpp ...
Compiling thirdparty\thorvg\src\renderer\tvgRender.cpp ...
Compiling thirdparty\thorvg\src\renderer\tvgScene.cpp ...
Compiling thirdparty\thorvg\src\renderer\tvgShape.cpp ...
Compiling thirdparty\thorvg\src\renderer\tvgTaskScheduler.cpp ...
Compiling thirdparty\thorvg\src\renderer\tvgText.cpp ...
Compiling thirdparty\thorvg\src\renderer\sw_engine\tvgSwFill.cpp ...
Compiling thirdparty\thorvg\src\renderer\sw_engine\tvgSwImage.cpp ...
Compiling thirdparty\thorvg\src\renderer\sw_engine\tvgSwMath.cpp ...
Compiling thirdparty\thorvg\src\renderer\sw_engine\tvgSwMemPool.cpp ...
Compiling thirdparty\thorvg\src\renderer\sw_engine\tvgSwPostEffect.cpp ...
Compiling thirdparty\thorvg\src\renderer\sw_engine\tvgSwRaster.cpp ...
Compiling thirdparty\thorvg\src\renderer\sw_engine\tvgSwRenderer.cpp ...
Compiling thirdparty\thorvg\src\renderer\sw_engine\tvgSwRle.cpp ...
Compiling thirdparty\thorvg\src\renderer\sw_engine\tvgSwShape.cpp ...
Compiling thirdparty\thorvg\src\renderer\sw_engine\tvgSwStroke.cpp ...
Compiling thirdparty\thorvg\src\loaders\external_webp\tvgWebpLoader.cpp ...
Compiling thirdparty\thorvg\src\loaders\external_jpg\tvgJpgLoader.cpp ...
Compiling thirdparty\libtheora\bitpack.c ...
Compiling thirdparty\libtheora\decinfo.c ...
Compiling thirdparty\libtheora\decode.c ...
Compiling thirdparty\libtheora\dequant.c ...
Compiling thirdparty\libtheora\fragment.c ...
Compiling thirdparty\libtheora\huffdec.c ...
Compiling thirdparty\libtheora\idct.c ...
Compiling thirdparty\libtheora\info.c ...
Compiling thirdparty\libtheora\internal.c ...
Compiling thirdparty\libtheora\quant.c ...
Compiling thirdparty\libtheora\state.c ...
Compiling thirdparty\libtheora\analyze.c ...
Compiling thirdparty\libtheora\encfrag.c ...
Compiling thirdparty\libtheora\encinfo.c ...
Compiling thirdparty\libtheora\encode.c ...
Compiling thirdparty\libtheora\enquant.c ...
Compiling thirdparty\libtheora\fdct.c ...
Compiling thirdparty\libtheora\huffenc.c ...
Compiling thirdparty\libtheora\mathops.c ...
Compiling thirdparty\libtheora\mcenc.c ...
Compiling thirdparty\libtheora\rate.c ...
Compiling thirdparty\libtheora\tokenize.c ...
Compiling thirdparty\libvorbis\bitrate.c ...
Compiling thirdparty\libvorbis\block.c ...
Compiling thirdparty\libvorbis\codebook.c ...
Compiling thirdparty\libvorbis\envelope.c ...
Compiling thirdparty\libvorbis\floor0.c ...
Compiling thirdparty\libvorbis\floor1.c ...
Compiling modules\theora\editor\movie_writer_ogv.cpp ...
Compiling modules\theora\video_stream_theora.cpp ...
Compiling modules\theora\register_types.cpp ...
Compiling thirdparty\libvorbis\info.c ...
Compiling thirdparty\libvorbis\lookup.c ...
Compiling thirdparty\libvorbis\lpc.c ...
Compiling modules\svg\image_loader_svg.cpp ...
Compiling modules\svg\register_types.cpp ...
Compiling thirdparty\libvorbis\lsp.c ...
Compiling thirdparty\libvorbis\mapping0.c ...
Compiling thirdparty\libvorbis\mdct.c ...
Compiling thirdparty\libvorbis\psy.c ...
Compiling thirdparty\libvorbis\registry.c ...
Compiling thirdparty\libvorbis\res0.c ...
Compiling thirdparty\libvorbis\sharedbook.c ...
Compiling thirdparty\libvorbis\smallft.c ...
Compiling thirdparty\libvorbis\synthesis.c ...
Compiling thirdparty\libvorbis\vorbisfile.c ...
Compiling thirdparty\libvorbis\window.c ...
Compiling thirdparty\libvorbis\analysis.c ...
Compiling thirdparty\libvorbis\vorbisenc.c ...
Compiling thirdparty\astcenc\astcenc_averages_and_directions.cpp ...
Compiling thirdparty\astcenc\astcenc_block_sizes.cpp ...
Compiling thirdparty\astcenc\astcenc_color_quantize.cpp ...
Compiling modules\vorbis\audio_stream_ogg_vorbis.cpp ...
Compiling modules\vorbis\register_types.cpp ...
Linking Static Library bin\obj\modules\module_svg.windows.editor.x86_64.lib ...
Compiling modules\vorbis\resource_importer_ogg_vorbis.cpp ...
Compiling thirdparty\astcenc\astcenc_color_unquantize.cpp ...
Compiling thirdparty\astcenc\astcenc_compress_symbolic.cpp ...
Compiling thirdparty\astcenc\astcenc_compute_variance.cpp ...
Compiling thirdparty\astcenc\astcenc_decompress_symbolic.cpp ...
Linking Static Library bin\obj\modules\module_theora.windows.editor.x86_64.lib ...
Compiling thirdparty\astcenc\astcenc_diagnostic_trace.cpp ...
Compiling thirdparty\astcenc\astcenc_entry.cpp ...
Compiling thirdparty\astcenc\astcenc_find_best_partitioning.cpp ...
Compiling thirdparty\astcenc\astcenc_ideal_endpoints_and_weights.cpp ...
Compiling thirdparty\astcenc\astcenc_image.cpp ...
Compiling thirdparty\astcenc\astcenc_integer_sequence.cpp ...
Compiling thirdparty\astcenc\astcenc_mathlib.cpp ...
Compiling thirdparty\astcenc\astcenc_mathlib_softfloat.cpp ...
Compiling thirdparty\astcenc\astcenc_partition_tables.cpp ...
Compiling thirdparty\astcenc\astcenc_percentile_tables.cpp ...
Compiling thirdparty\astcenc\astcenc_pick_best_endpoint_format.cpp ...
Compiling thirdparty\astcenc\astcenc_quantization.cpp ...
Compiling thirdparty\astcenc\astcenc_symbolic_physical.cpp ...
Compiling thirdparty\astcenc\astcenc_weight_align.cpp ...
Compiling thirdparty\astcenc\astcenc_weight_quant_xfer_tables.cpp ...
Compiling thirdparty\basis_universal\encoder\3rdparty\android_astc_decomp.cpp ...
Compiling thirdparty\basis_universal\encoder\basisu_astc_hdr_6x6_enc.cpp ...
Compiling thirdparty\basis_universal\encoder\basisu_astc_hdr_common.cpp ...
Compiling thirdparty\basis_universal\encoder\basisu_backend.cpp ...
Compiling modules\astcenc\image_compress_astcenc.cpp ...
Compiling modules\astcenc\register_types.cpp ...
Compiling thirdparty\basis_universal\encoder\basisu_basis_file.cpp ...
Compiling thirdparty\basis_universal\encoder\basisu_bc7enc.cpp ...
Linking Static Library bin\obj\modules\module_vorbis.windows.editor.x86_64.lib ...
Compiling thirdparty\basis_universal\encoder\basisu_comp.cpp ...
Compiling thirdparty\basis_universal\encoder\basisu_enc.cpp ...
Linking Static Library bin\obj\modules\module_astcenc.windows.editor.x86_64.lib ...
Compiling thirdparty\basis_universal\encoder\basisu_etc.cpp ...
Compiling thirdparty\basis_universal\encoder\basisu_frontend.cpp ...
Compiling thirdparty\basis_universal\encoder\basisu_gpu_texture.cpp ...
Compiling thirdparty\basis_universal\encoder\basisu_kernels_sse.cpp ...
Compiling thirdparty\basis_universal\encoder\basisu_opencl.cpp ...
Compiling thirdparty\basis_universal\encoder\basisu_pvrtc1_4.cpp ...
Compiling thirdparty\basis_universal\encoder\basisu_resample_filters.cpp ...
Compiling thirdparty\basis_universal\encoder\basisu_resampler.cpp ...
Compiling thirdparty\basis_universal\encoder\basisu_ssim.cpp ...
Compiling thirdparty\basis_universal\encoder\basisu_uastc_enc.cpp ...
Compiling thirdparty\basis_universal\encoder\basisu_uastc_hdr_4x4_enc.cpp ...
Compiling thirdparty\basis_universal\encoder\jpgd.cpp ...
Compiling thirdparty\basis_universal\encoder\pvpngreader.cpp ...
Compiling thirdparty\basis_universal\transcoder\basisu_transcoder.cpp ...
Compiling modules\bcdec\image_decompress_bcdec.cpp ...
Compiling modules\bcdec\register_types.cpp ...
Generating modules\betsy\alpha_stitch.glsl.gen.h ...
Generating modules\betsy\bc1.glsl.gen.h ...
Generating modules\betsy\bc4.glsl.gen.h ...
Generating modules\betsy\bc6h.glsl.gen.h ...
Generating modules\betsy\rgb_to_rgba.glsl.gen.h ...
Compiling modules\betsy\image_compress_betsy.cpp ...
Compiling modules\betsy\register_types.cpp ...
Compiling modules\bmp\image_loader_bmp.cpp ...
Compiling modules\bmp\register_types.cpp ...
Compiling modules\camera\register_types.cpp ...
Compiling modules\camera\camera_win.cpp ...
Compiling thirdparty\manifold\src\boolean_result.cpp ...
Linking Static Library bin\obj\modules\module_bcdec.windows.editor.x86_64.lib ...
Compiling thirdparty\manifold\src\boolean3.cpp ...
Compiling thirdparty\manifold\src\constructors.cpp ...
Linking Static Library bin\obj\modules\module_bmp.windows.editor.x86_64.lib ...
Compiling thirdparty\manifold\src\csg_tree.cpp ...
Compiling thirdparty\manifold\src\edge_op.cpp ...
Linking Static Library bin\obj\modules\module_camera.windows.editor.x86_64.lib ...
Compiling thirdparty\manifold\src\face_op.cpp ...
Compiling thirdparty\manifold\src\impl.cpp ...
Compiling thirdparty\manifold\src\manifold.cpp ...
Compiling modules\basis_universal\register_types.cpp ...
Compiling modules\basis_universal\image_compress_basisu.cpp ...
Compiling thirdparty\manifold\src\polygon.cpp ...
Compiling thirdparty\manifold\src\properties.cpp ...
Compiling thirdparty\manifold\src\quickhull.cpp ...
Linking Static Library bin\obj\modules\module_betsy.windows.editor.x86_64.lib ...
Compiling thirdparty\manifold\src\sdf.cpp ...
Compiling thirdparty\manifold\src\smoothing.cpp ...
Compiling thirdparty\manifold\src\sort.cpp ...
Compiling thirdparty\manifold\src\subdivision.cpp ...
Compiling thirdparty\manifold\src\tree2d.cpp ...
Compiling thirdparty\cvtt\ConvectionKernels_API.cpp ...
Compiling thirdparty\cvtt\ConvectionKernels_ETC.cpp ...
Compiling thirdparty\cvtt\ConvectionKernels_BC67.cpp ...
Compiling thirdparty\cvtt\ConvectionKernels_IndexSelector.cpp ...
Linking Static Library bin\obj\modules\module_basis_universal.windows.editor.x86_64.lib ...
Compiling thirdparty\cvtt\ConvectionKernels_BC6H_IO.cpp ...
Compiling thirdparty\cvtt\ConvectionKernels_S3TC.cpp ...
Compiling thirdparty\cvtt\ConvectionKernels_BC7_PrioData.cpp ...
Compiling thirdparty\cvtt\ConvectionKernels_SingleFile.cpp ...
Compiling thirdparty\cvtt\ConvectionKernels_BCCommon.cpp ...
Compiling thirdparty\cvtt\ConvectionKernels_Util.cpp ...
Compiling modules\dds\image_saver_dds.cpp ...
Compiling modules\dds\register_types.cpp ...
Compiling modules\dds\texture_loader_dds.cpp ...
Compiling thirdparty\enet\enet_godot.cpp ...
Compiling thirdparty\enet\callbacks.c ...
Compiling thirdparty\enet\compress.c ...
Compiling modules\csg\editor\csg_gizmos.cpp ...
Compiling modules\csg\csg_shape.cpp ...
Compiling modules\csg\csg.cpp ...
Compiling modules\csg\register_types.cpp ...
Compiling thirdparty\enet\host.c ...
Linking Static Library bin\obj\modules\module_dds.windows.editor.x86_64.lib ...
Compiling thirdparty\enet\list.c ...
Compiling thirdparty\enet\packet.c ...
Compiling thirdparty\enet\peer.c ...
Compiling thirdparty\enet\protocol.c ...
Compiling thirdparty\etcpak\DecodeRGB.cpp ...
Compiling modules\cvtt\register_types.cpp ...
Compiling modules\cvtt\image_compress_cvtt.cpp ...
Compiling modules\enet\enet_multiplayer_peer.cpp ...
Compiling modules\enet\register_types.cpp ...
Compiling modules\enet\enet_connection.cpp ...
Compiling modules\enet\enet_packet_peer.cpp ...
Linking Static Library bin\obj\modules\module_cvtt.windows.editor.x86_64.lib ...
Compiling thirdparty\etcpak\Dither.cpp ...
Compiling thirdparty\etcpak\ProcessDxtc.cpp ...
Compiling thirdparty\etcpak\ProcessRGB.cpp ...
Compiling thirdparty\etcpak\Tables.cpp ...
Compiling modules\gdscript\gdscript.cpp ...
Compiling modules\gdscript\gdscript_analyzer.cpp ...
Compiling modules\gdscript\gdscript_byte_codegen.cpp ...
Compiling modules\gdscript\gdscript_cache.cpp ...
Linking Static Library bin\obj\modules\module_enet.windows.editor.x86_64.lib ...
Compiling modules\gdscript\gdscript_compiler.cpp ...
Compiling modules\gdscript\gdscript_disassembler.cpp ...
Compiling modules\etcpak\image_compress_etcpak.cpp ...
Linking Static Library bin\obj\modules\module_csg.windows.editor.x86_64.lib ...
Compiling modules\etcpak\register_types.cpp ...
Compiling modules\etcpak\image_decompress_etcpak.cpp ...
Generating modules\gdscript\editor\script_templates\templates.gen.h ...
Compiling modules\gdscript\gdscript_editor.cpp ...
Compiling modules\gdscript\gdscript_function.cpp ...
Compiling modules\gdscript\gdscript_lambda_callable.cpp ...
Linking Static Library bin\obj\modules\module_etcpak.windows.editor.x86_64.lib ...
Compiling modules\gdscript\gdscript_parser.cpp ...
Compiling modules\gdscript\gdscript_resource_format.cpp ...
Compiling modules\gdscript\gdscript_rpc_callable.cpp ...
Compiling modules\gdscript\gdscript_tokenizer.cpp ...
Compiling modules\gdscript\gdscript_tokenizer_buffer.cpp ...
Compiling modules\gdscript\gdscript_utility_callable.cpp ...
Compiling modules\gdscript\gdscript_utility_functions.cpp ...
Compiling modules\gdscript\gdscript_vm.cpp ...
Compiling modules\gdscript\gdscript_warning.cpp ...
Compiling modules\gdscript\register_types.cpp ...
Compiling modules\gdscript\editor\gdscript_docgen.cpp ...
Compiling modules\gdscript\editor\gdscript_highlighter.cpp ...
Compiling modules\gdscript\editor\gdscript_translation_parser_plugin.cpp ...
Compiling modules\gdscript\language_server\gdscript_extend_parser.cpp ...
Compiling modules\gdscript\language_server\gdscript_language_protocol.cpp ...
Compiling modules\gdscript\language_server\gdscript_language_server.cpp ...
Compiling modules\gdscript\language_server\gdscript_text_document.cpp ...
Compiling modules\gdscript\language_server\gdscript_workspace.cpp ...
Compiling modules\gdscript\language_server\scene_cache.cpp ...
Compiling thirdparty\glslang\glslang\GenericCodeGen\CodeGen.cpp ...
Compiling thirdparty\glslang\glslang\GenericCodeGen\Link.cpp ...
Compiling thirdparty\glslang\glslang\MachineIndependent\attribute.cpp ...
Compiling thirdparty\glslang\glslang\MachineIndependent\Constant.cpp ...
Compiling thirdparty\glslang\glslang\MachineIndependent\glslang_tab.cpp ...
Compiling thirdparty\glslang\glslang\MachineIndependent\InfoSink.cpp ...
Compiling thirdparty\glslang\glslang\MachineIndependent\Initialize.cpp ...
Compiling thirdparty\glslang\glslang\MachineIndependent\Intermediate.cpp ...
Compiling thirdparty\glslang\glslang\MachineIndependent\intermOut.cpp ...
Compiling thirdparty\glslang\glslang\MachineIndependent\IntermTraverse.cpp ...
Compiling thirdparty\glslang\glslang\MachineIndependent\iomapper.cpp ...
Compiling thirdparty\glslang\glslang\MachineIndependent\limits.cpp ...
Compiling thirdparty\glslang\glslang\MachineIndependent\linkValidate.cpp ...
Compiling thirdparty\glslang\glslang\MachineIndependent\parseConst.cpp ...
Compiling thirdparty\glslang\glslang\MachineIndependent\ParseContextBase.cpp ...
Compiling thirdparty\glslang\glslang\MachineIndependent\ParseHelper.cpp ...
Compiling thirdparty\glslang\glslang\MachineIndependent\PoolAlloc.cpp ...
Compiling thirdparty\glslang\glslang\MachineIndependent\preprocessor\PpAtom.cpp ...
Compiling thirdparty\glslang\glslang\MachineIndependent\preprocessor\PpContext.cpp ...
Compiling thirdparty\glslang\glslang\MachineIndependent\preprocessor\Pp.cpp ...
Compiling thirdparty\glslang\glslang\MachineIndependent\preprocessor\PpScanner.cpp ...
Compiling thirdparty\glslang\glslang\MachineIndependent\preprocessor\PpTokens.cpp ...
Compiling thirdparty\glslang\glslang\MachineIndependent\propagateNoContraction.cpp ...
Compiling thirdparty\glslang\glslang\MachineIndependent\reflection.cpp ...
Compiling thirdparty\glslang\glslang\MachineIndependent\RemoveTree.cpp ...
Compiling thirdparty\glslang\glslang\MachineIndependent\Scan.cpp ...
Compiling thirdparty\glslang\glslang\MachineIndependent\ShaderLang.cpp ...
Compiling thirdparty\glslang\glslang\MachineIndependent\SpirvIntrinsics.cpp ...
Compiling thirdparty\glslang\glslang\MachineIndependent\SymbolTable.cpp ...
Compiling thirdparty\glslang\glslang\MachineIndependent\Versions.cpp ...
Compiling thirdparty\glslang\glslang\ResourceLimits\ResourceLimits.cpp ...
Compiling thirdparty\glslang\SPIRV\disassemble.cpp ...
Compiling thirdparty\glslang\SPIRV\doc.cpp ...
Compiling thirdparty\glslang\SPIRV\GlslangToSpv.cpp ...
Compiling thirdparty\glslang\SPIRV\InReadableOrder.cpp ...
Compiling thirdparty\glslang\SPIRV\Logger.cpp ...
Compiling thirdparty\glslang\SPIRV\SpvBuilder.cpp ...
Compiling thirdparty\glslang\SPIRV\SpvPostProcess.cpp ...
Compiling thirdparty\glslang\SPIRV\SpvTools.cpp ...
Compiling thirdparty\glslang\glslang\OSDependent\Windows\ossource.cpp ...
Compiling modules\godot_physics_2d\godot_area_2d.cpp ...
Compiling modules\godot_physics_2d\godot_area_pair_2d.cpp ...
Compiling modules\godot_physics_2d\godot_body_2d.cpp ...
Compiling modules\godot_physics_2d\godot_body_direct_state_2d.cpp ...
Compiling modules\godot_physics_2d\godot_body_pair_2d.cpp ...
Compiling modules\godot_physics_2d\godot_broad_phase_2d_bvh.cpp ...
Compiling modules\godot_physics_2d\godot_collision_object_2d.cpp ...
Compiling modules\godot_physics_2d\godot_collision_solver_2d.cpp ...
Compiling modules\godot_physics_2d\godot_collision_solver_2d_sat.cpp ...
Compiling modules\godot_physics_2d\godot_joints_2d.cpp ...
Compiling modules\godot_physics_2d\godot_physics_server_2d.cpp ...
Compiling modules\godot_physics_2d\godot_shape_2d.cpp ...
Compiling modules\godot_physics_2d\godot_space_2d.cpp ...
Compiling modules\godot_physics_2d\godot_step_2d.cpp ...
Compiling modules\godot_physics_2d\register_types.cpp ...
Compiling modules\godot_physics_3d\gjk_epa.cpp ...
Compiling modules\godot_physics_3d\godot_area_3d.cpp ...
Compiling modules\godot_physics_3d\godot_area_pair_3d.cpp ...
Compiling modules\godot_physics_3d\godot_body_3d.cpp ...
Compiling modules\godot_physics_3d\godot_body_direct_state_3d.cpp ...
Compiling modules\godot_physics_3d\godot_body_pair_3d.cpp ...
Compiling modules\godot_physics_3d\godot_broad_phase_3d_bvh.cpp ...
Compiling modules\godot_physics_3d\godot_collision_object_3d.cpp ...
Linking Static Library bin\obj\modules\module_gdscript.windows.editor.x86_64.lib ...
Compiling modules\godot_physics_3d\godot_collision_solver_3d.cpp ...
Compiling modules\godot_physics_3d\godot_collision_solver_3d_sat.cpp ...
Compiling modules\godot_physics_3d\godot_physics_server_3d.cpp ...
Compiling modules\godot_physics_3d\godot_shape_3d.cpp ...
Compiling modules\godot_physics_3d\godot_soft_body_3d.cpp ...
Compiling modules\godot_physics_3d\godot_space_3d.cpp ...
Compiling modules\godot_physics_3d\godot_step_3d.cpp ...
Compiling modules\godot_physics_3d\register_types.cpp ...
Compiling modules\glslang\register_types.cpp ...
Compiling modules\godot_physics_3d\joints\godot_cone_twist_joint_3d.cpp ...
Compiling modules\godot_physics_3d\joints\godot_generic_6dof_joint_3d.cpp ...
Compiling modules\godot_physics_3d\joints\godot_hinge_joint_3d.cpp ...
Compiling modules\godot_physics_3d\joints\godot_pin_joint_3d.cpp ...
Compiling modules\godot_physics_3d\joints\godot_slider_joint_3d.cpp ...
Compiling modules\gridmap\grid_map.cpp ...
Linking Static Library bin\obj\modules\module_glslang.windows.editor.x86_64.lib ...
Compiling modules\gridmap\register_types.cpp ...
Compiling modules\gridmap\editor\grid_map_editor_plugin.cpp ...
Compiling modules\hdr\image_loader_hdr.cpp ...
Compiling modules\hdr\register_types.cpp ...
Compiling modules\interactive_music\audio_stream_interactive.cpp ...
Linking Static Library bin\obj\modules\module_godot_physics_3d.windows.editor.x86_64.lib ...
Compiling modules\interactive_music\audio_stream_playlist.cpp ...
Compiling modules\interactive_music\audio_stream_synchronized.cpp ...
Linking Static Library bin\obj\modules\module_hdr.windows.editor.x86_64.lib ...
Compiling modules\interactive_music\register_types.cpp ...
Compiling modules\interactive_music\editor\audio_stream_interactive_editor_plugin.cpp ...
Compiling thirdparty\jolt_physics\Jolt\RegisterTypes.cpp ...
Compiling thirdparty\jolt_physics\Jolt\AABBTree\AABBTreeBuilder.cpp ...
Compiling thirdparty\jolt_physics\Jolt\Core\Color.cpp ...
Compiling thirdparty\jolt_physics\Jolt\Core\Factory.cpp ...
Compiling thirdparty\jolt_physics\Jolt\Core\IssueReporting.cpp ...
Compiling thirdparty\jolt_physics\Jolt\Core\JobSystemSingleThreaded.cpp ...
Compiling thirdparty\jolt_physics\Jolt\Core\JobSystemThreadPool.cpp ...
Compiling thirdparty\jolt_physics\Jolt\Core\JobSystemWithBarrier.cpp ...
Compiling thirdparty\jolt_physics\Jolt\Core\LinearCurve.cpp ...
Compiling thirdparty\jolt_physics\Jolt\Core\Memory.cpp ...
Compiling thirdparty\jolt_physics\Jolt\Core\Profiler.cpp ...
Compiling thirdparty\jolt_physics\Jolt\Core\RTTI.cpp ...
Linking Static Library bin\obj\modules\module_interactive_music.windows.editor.x86_64.lib ...
Linking Static Library bin\obj\modules\module_gridmap.windows.editor.x86_64.lib ...
Compiling thirdparty\jolt_physics\Jolt\Core\Semaphore.cpp ...
Compiling thirdparty\jolt_physics\Jolt\Core\StringTools.cpp ...
Compiling thirdparty\jolt_physics\Jolt\Core\TickCounter.cpp ...
Compiling thirdparty\jolt_physics\Jolt\Geometry\ConvexHullBuilder.cpp ...
Compiling thirdparty\jolt_physics\Jolt\Geometry\ConvexHullBuilder2D.cpp ...
Compiling thirdparty\jolt_physics\Jolt\Geometry\Indexify.cpp ...
Compiling thirdparty\jolt_physics\Jolt\Geometry\OrientedBox.cpp ...
Compiling thirdparty\jolt_physics\Jolt\Math\Vec3.cpp ...
Compiling thirdparty\jolt_physics\Jolt\ObjectStream\SerializableObject.cpp ...
Compiling thirdparty\jolt_physics\Jolt\Physics\DeterminismLog.cpp ...
Compiling thirdparty\jolt_physics\Jolt\Physics\IslandBuilder.cpp ...
Compiling thirdparty\jolt_physics\Jolt\Physics\LargeIslandSplitter.cpp ...
Compiling thirdparty\jolt_physics\Jolt\Physics\PhysicsScene.cpp ...
Compiling thirdparty\jolt_physics\Jolt\Physics\PhysicsSystem.cpp ...
Compiling thirdparty\jolt_physics\Jolt\Physics\PhysicsUpdateContext.cpp ...
Compiling thirdparty\jolt_physics\Jolt\Physics\StateRecorderImpl.cpp ...
Compiling thirdparty\jolt_physics\Jolt\Physics\Body\Body.cpp ...
Compiling thirdparty\jolt_physics\Jolt\Physics\Body\BodyCreationSettings.cpp ...
Compiling thirdparty\jolt_physics\Jolt\Physics\Body\BodyInterface.cpp ...
Compiling thirdparty\jolt_physics\Jolt\Physics\Body\BodyManager.cpp ...
Compiling thirdparty\jolt_physics\Jolt\Physics\Body\MassProperties.cpp ...
Compiling thirdparty\jolt_physics\Jolt\Physics\Body\MotionProperties.cpp ...
Compiling thirdparty\jolt_physics\Jolt\Physics\Character\Character.cpp ...
Compiling thirdparty\jolt_physics\Jolt\Physics\Character\CharacterBase.cpp ...
Compiling thirdparty\jolt_physics\Jolt\Physics\Character\CharacterVirtual.cpp ...
Compiling thirdparty\jolt_physics\Jolt\Physics\Collision\CastConvexVsTriangles.cpp ...
Compiling thirdparty\jolt_physics\Jolt\Physics\Collision\CastSphereVsTriangles.cpp ...
Compiling thirdparty\jolt_physics\Jolt\Physics\Collision\CollideConvexVsTriangles.cpp ...
Compiling thirdparty\jolt_physics\Jolt\Physics\Collision\CollideSphereVsTriangles.cpp ...
Compiling thirdparty\jolt_physics\Jolt\Physics\Collision\CollisionDispatch.cpp ...
Compiling thirdparty\jolt_physics\Jolt\Physics\Collision\CollisionGroup.cpp ...
Compiling thirdparty\jolt_physics\Jolt\Physics\Collision\EstimateCollisionResponse.cpp ...
Compiling thirdparty\jolt_physics\Jolt\Physics\Collision\GroupFilter.cpp ...
Compiling thirdparty\jolt_physics\Jolt\Physics\Collision\GroupFilterTable.cpp ...
Compiling thirdparty\jolt_physics\Jolt\Physics\Collision\ManifoldBetweenTwoFaces.cpp ...
Compiling thirdparty\jolt_physics\Jolt\Physics\Collision\NarrowPhaseQuery.cpp ...
Compiling thirdparty\jolt_physics\Jolt\Physics\Collision\NarrowPhaseStats.cpp ...
Compiling thirdparty\jolt_physics\Jolt\Physics\Collision\PhysicsMaterial.cpp ...
Compiling thirdparty\jolt_physics\Jolt\Physics\Collision\PhysicsMaterialSimple.cpp ...
Compiling thirdparty\jolt_physics\Jolt\Physics\Collision\TransformedShape.cpp ...
Compiling thirdparty\jolt_physics\Jolt\Physics\Collision\BroadPhase\BroadPhase.cpp ...
Compiling thirdparty\jolt_physics\Jolt\Physics\Collision\BroadPhase\BroadPhaseBruteForce.cpp ...
Compiling thirdparty\jolt_physics\Jolt\Physics\Collision\BroadPhase\BroadPhaseQuadTree.cpp ...
Compiling thirdparty\jolt_physics\Jolt\Physics\Collision\BroadPhase\QuadTree.cpp ...
Compiling thirdparty\jolt_physics\Jolt\Physics\Collision\Shape\BoxShape.cpp ...
Compiling thirdparty\jolt_physics\Jolt\Physics\Collision\Shape\CapsuleShape.cpp ...
Compiling thirdparty\jolt_physics\Jolt\Physics\Collision\Shape\CompoundShape.cpp ...
Compiling thirdparty\jolt_physics\Jolt\Physics\Collision\Shape\ConvexHullShape.cpp ...
Compiling thirdparty\jolt_physics\Jolt\Physics\Collision\Shape\ConvexShape.cpp ...
Compiling thirdparty\jolt_physics\Jolt\Physics\Collision\Shape\CylinderShape.cpp ...
Compiling thirdparty\jolt_physics\Jolt\Physics\Collision\Shape\DecoratedShape.cpp ...
Compiling thirdparty\jolt_physics\Jolt\Physics\Collision\Shape\EmptyShape.cpp ...
Compiling thirdparty\jolt_physics\Jolt\Physics\Collision\Shape\HeightFieldShape.cpp ...
Compiling thirdparty\jolt_physics\Jolt\Physics\Collision\Shape\MeshShape.cpp ...
Compiling thirdparty\jolt_physics\Jolt\Physics\Collision\Shape\MutableCompoundShape.cpp ...
Compiling thirdparty\jolt_physics\Jolt\Physics\Collision\Shape\OffsetCenterOfMassShape.cpp ...
Compiling thirdparty\jolt_physics\Jolt\Physics\Collision\Shape\PlaneShape.cpp ...
Compiling thirdparty\jolt_physics\Jolt\Physics\Collision\Shape\RotatedTranslatedShape.cpp ...
Compiling thirdparty\jolt_physics\Jolt\Physics\Collision\Shape\ScaledShape.cpp ...
Compiling thirdparty\jolt_physics\Jolt\Physics\Collision\Shape\Shape.cpp ...
Compiling thirdparty\jolt_physics\Jolt\Physics\Collision\Shape\SphereShape.cpp ...
Compiling thirdparty\jolt_physics\Jolt\Physics\Collision\Shape\StaticCompoundShape.cpp ...
Compiling thirdparty\jolt_physics\Jolt\Physics\Collision\Shape\TaperedCapsuleShape.cpp ...
Compiling thirdparty\jolt_physics\Jolt\Physics\Collision\Shape\TaperedCylinderShape.cpp ...
Compiling thirdparty\jolt_physics\Jolt\Physics\Collision\Shape\TriangleShape.cpp ...
Compiling thirdparty\jolt_physics\Jolt\Physics\Constraints\ConeConstraint.cpp ...
Compiling thirdparty\jolt_physics\Jolt\Physics\Constraints\Constraint.cpp ...
Compiling thirdparty\jolt_physics\Jolt\Physics\Constraints\ConstraintManager.cpp ...
Compiling thirdparty\jolt_physics\Jolt\Physics\Constraints\ContactConstraintManager.cpp ...
Compiling thirdparty\jolt_physics\Jolt\Physics\Constraints\DistanceConstraint.cpp ...
Compiling thirdparty\jolt_physics\Jolt\Physics\Constraints\FixedConstraint.cpp ...
Compiling thirdparty\jolt_physics\Jolt\Physics\Constraints\GearConstraint.cpp ...
Compiling thirdparty\jolt_physics\Jolt\Physics\Constraints\HingeConstraint.cpp ...
Compiling thirdparty\jolt_physics\Jolt\Physics\Constraints\MotorSettings.cpp ...
Compiling thirdparty\jolt_physics\Jolt\Physics\Constraints\PathConstraint.cpp ...
Compiling thirdparty\jolt_physics\Jolt\Physics\Constraints\PathConstraintPath.cpp ...
Compiling thirdparty\jolt_physics\Jolt\Physics\Constraints\PathConstraintPathHermite.cpp ...
Compiling thirdparty\jolt_physics\Jolt\Physics\Constraints\PointConstraint.cpp ...
Compiling thirdparty\jolt_physics\Jolt\Physics\Constraints\PulleyConstraint.cpp ...
Compiling thirdparty\jolt_physics\Jolt\Physics\Constraints\RackAndPinionConstraint.cpp ...
Compiling thirdparty\jolt_physics\Jolt\Physics\Constraints\SixDOFConstraint.cpp ...
Compiling thirdparty\jolt_physics\Jolt\Physics\Constraints\SliderConstraint.cpp ...
Compiling thirdparty\jolt_physics\Jolt\Physics\Constraints\SpringSettings.cpp ...
Compiling thirdparty\jolt_physics\Jolt\Physics\Constraints\SwingTwistConstraint.cpp ...
Compiling thirdparty\jolt_physics\Jolt\Physics\Constraints\TwoBodyConstraint.cpp ...
Linking Static Library bin\obj\modules\module_godot_physics_2d.windows.editor.x86_64.lib ...
Compiling thirdparty\jolt_physics\Jolt\Physics\Ragdoll\Ragdoll.cpp ...
Compiling thirdparty\jolt_physics\Jolt\Physics\SoftBody\SoftBodyCreationSettings.cpp ...
Compiling thirdparty\jolt_physics\Jolt\Physics\SoftBody\SoftBodyMotionProperties.cpp ...
Compiling thirdparty\jolt_physics\Jolt\Physics\SoftBody\SoftBodyShape.cpp ...
Compiling thirdparty\jolt_physics\Jolt\Physics\SoftBody\SoftBodySharedSettings.cpp ...
Compiling thirdparty\jolt_physics\Jolt\Physics\Vehicle\MotorcycleController.cpp ...
Compiling thirdparty\jolt_physics\Jolt\Physics\Vehicle\TrackedVehicleController.cpp ...
Compiling thirdparty\jolt_physics\Jolt\Physics\Vehicle\VehicleAntiRollBar.cpp ...
Compiling thirdparty\jolt_physics\Jolt\Physics\Vehicle\VehicleCollisionTester.cpp ...
Compiling thirdparty\jolt_physics\Jolt\Physics\Vehicle\VehicleConstraint.cpp ...
Compiling thirdparty\jolt_physics\Jolt\Physics\Vehicle\VehicleController.cpp ...
Compiling thirdparty\jolt_physics\Jolt\Physics\Vehicle\VehicleDifferential.cpp ...
Compiling thirdparty\jolt_physics\Jolt\Physics\Vehicle\VehicleEngine.cpp ...
Compiling thirdparty\jolt_physics\Jolt\Physics\Vehicle\VehicleTrack.cpp ...
Compiling thirdparty\jolt_physics\Jolt\Physics\Vehicle\VehicleTransmission.cpp ...
Compiling thirdparty\jolt_physics\Jolt\Physics\Vehicle\Wheel.cpp ...
Compiling thirdparty\jolt_physics\Jolt\Physics\Vehicle\WheeledVehicleController.cpp ...
Compiling thirdparty\jolt_physics\Jolt\Renderer\DebugRenderer.cpp ...
Compiling thirdparty\jolt_physics\Jolt\Renderer\DebugRendererPlayback.cpp ...
Compiling thirdparty\jolt_physics\Jolt\Renderer\DebugRendererRecorder.cpp ...
Compiling thirdparty\jolt_physics\Jolt\Renderer\DebugRendererSimple.cpp ...
Compiling thirdparty\jolt_physics\Jolt\Skeleton\SkeletalAnimation.cpp ...
Compiling thirdparty\jolt_physics\Jolt\Skeleton\Skeleton.cpp ...
Compiling thirdparty\jolt_physics\Jolt\Skeleton\SkeletonMapper.cpp ...
Compiling thirdparty\jolt_physics\Jolt\Skeleton\SkeletonPose.cpp ...
Compiling thirdparty\jolt_physics\Jolt\TriangleSplitter\TriangleSplitter.cpp ...
Compiling thirdparty\jolt_physics\Jolt\TriangleSplitter\TriangleSplitterBinning.cpp ...
Compiling thirdparty\jolt_physics\Jolt\TriangleSplitter\TriangleSplitterMean.cpp ...
Compiling thirdparty\libjpeg-turbo\src\jcapistd.c ...
Compiling thirdparty\libjpeg-turbo\src\jccoefct.c ...
Compiling thirdparty\libjpeg-turbo\src\jccolor.c ...
Compiling thirdparty\libjpeg-turbo\src\jcdctmgr.c ...
Compiling thirdparty\libjpeg-turbo\src\jcmainct.c ...
Compiling thirdparty\libjpeg-turbo\src\jcprepct.c ...
Compiling thirdparty\libjpeg-turbo\src\jcsample.c ...
Compiling thirdparty\libjpeg-turbo\src\jdcoefct.c ...
Compiling thirdparty\libjpeg-turbo\src\jdcolor.c ...
Compiling thirdparty\libjpeg-turbo\src\jdapistd.c ...
Compiling thirdparty\libjpeg-turbo\src\jddctmgr.c ...
Compiling thirdparty\libjpeg-turbo\src\jdmainct.c ...
Compiling thirdparty\libjpeg-turbo\src\jdmerge.c ...
Compiling thirdparty\libjpeg-turbo\src\jdpostct.c ...
Compiling thirdparty\libjpeg-turbo\src\jdsample.c ...
Compiling thirdparty\libjpeg-turbo\src\jfdctfst.c ...
Compiling thirdparty\libjpeg-turbo\src\jfdctint.c ...
Compiling thirdparty\libjpeg-turbo\src\jidctflt.c ...
Compiling thirdparty\libjpeg-turbo\src\jidctfst.c ...
Compiling thirdparty\libjpeg-turbo\src\jidctint.c ...
Compiling thirdparty\libjpeg-turbo\src\jidctred.c ...
Compiling thirdparty\libjpeg-turbo\src\jutils.c ...
Compiling thirdparty\libjpeg-turbo\src\jquant1.c ...
Compiling thirdparty\libjpeg-turbo\src\jquant2.c ...
Compiling thirdparty\libjpeg-turbo\src\jcapistd.c ...
Compiling thirdparty\libjpeg-turbo\src\jccoefct.c ...
Compiling thirdparty\libjpeg-turbo\src\jccolor.c ...
Compiling thirdparty\libjpeg-turbo\src\jcdctmgr.c ...
Compiling thirdparty\libjpeg-turbo\src\jcmainct.c ...
Compiling thirdparty\libjpeg-turbo\src\jcprepct.c ...
Compiling thirdparty\libjpeg-turbo\src\jcsample.c ...
Compiling thirdparty\libjpeg-turbo\src\jdcoefct.c ...
Compiling thirdparty\libjpeg-turbo\src\jdcolor.c ...
Compiling thirdparty\libjpeg-turbo\src\jdapistd.c ...
Compiling thirdparty\libjpeg-turbo\src\jddctmgr.c ...
Compiling thirdparty\libjpeg-turbo\src\jdmainct.c ...
Compiling thirdparty\libjpeg-turbo\src\jdmerge.c ...
Compiling thirdparty\libjpeg-turbo\src\jdpostct.c ...
Compiling modules\jolt_physics\spaces\jolt_body_activation_listener_3d.cpp ...
Compiling modules\jolt_physics\joints\jolt_hinge_joint_3d.cpp ...
Compiling modules\jolt_physics\misc\jolt_math_funcs.cpp ...
Compiling modules\jolt_physics\shapes\jolt_custom_motion_shape.cpp ...
Compiling modules\jolt_physics\objects\jolt_shaped_object_3d.cpp ...
Compiling modules\jolt_physics\shapes\jolt_capsule_shape_3d.cpp ...
Compiling modules\jolt_physics\shapes\jolt_custom_double_sided_shape.cpp ...
Compiling modules\jolt_physics\objects\jolt_group_filter.cpp ...
Compiling modules\jolt_physics\spaces\jolt_temp_allocator.cpp ...
Compiling modules\jolt_physics\joints\jolt_generic_6dof_joint_3d.cpp ...
Compiling modules\jolt_physics\shapes\jolt_world_boundary_shape_3d.cpp ...
Compiling modules\jolt_physics\shapes\jolt_custom_ray_shape.cpp ...
Compiling modules\jolt_physics\spaces\jolt_physics_direct_space_state_3d.cpp ...
Compiling modules\jolt_physics\objects\jolt_soft_body_3d.cpp ...
Compiling modules\jolt_physics\joints\jolt_slider_joint_3d.cpp ...
Compiling modules\jolt_physics\jolt_project_settings.cpp ...
Compiling modules\jolt_physics\shapes\jolt_cylinder_shape_3d.cpp ...
Compiling modules\jolt_physics\objects\jolt_physics_direct_body_state_3d.cpp ...
Compiling modules\jolt_physics\jolt_globals.cpp ...
Compiling modules\jolt_physics\objects\jolt_body_3d.cpp ...
Compiling modules\jolt_physics\shapes\jolt_shape_instance_3d.cpp ...
Compiling modules\jolt_physics\spaces\jolt_space_3d.cpp ...
Compiling modules\jolt_physics\objects\jolt_object_3d.cpp ...
Compiling modules\jolt_physics\shapes\jolt_custom_user_data_shape.cpp ...
Compiling modules\jolt_physics\register_types.cpp ...
Compiling modules\jolt_physics\joints\jolt_pin_joint_3d.cpp ...
Compiling modules\jolt_physics\jolt_physics_server_3d.cpp ...
Compiling modules\jolt_physics\shapes\jolt_convex_polygon_shape_3d.cpp ...
Compiling modules\jolt_physics\spaces\jolt_contact_listener_3d.cpp ...
Compiling modules\jolt_physics\spaces\jolt_motion_filter_3d.cpp ...
Compiling modules\jolt_physics\objects\jolt_area_3d.cpp ...
Compiling modules\jolt_physics\spaces\jolt_query_filter_3d.cpp ...
Compiling modules\jolt_physics\shapes\jolt_separation_ray_shape_3d.cpp ...
Compiling modules\jolt_physics\joints\jolt_cone_twist_joint_3d.cpp ...
Compiling modules\jolt_physics\spaces\jolt_layers.cpp ...
Compiling modules\jolt_physics\shapes\jolt_concave_polygon_shape_3d.cpp ...
Compiling modules\jolt_physics\spaces\jolt_job_system.cpp ...
Compiling modules\jolt_physics\shapes\jolt_sphere_shape_3d.cpp ...
Compiling modules\jolt_physics\shapes\jolt_shape_3d.cpp ...
Compiling modules\jolt_physics\shapes\jolt_box_shape_3d.cpp ...
Compiling modules\jolt_physics\shapes\jolt_height_map_shape_3d.cpp ...
Compiling modules\jolt_physics\joints\jolt_joint_3d.cpp ...
Compiling thirdparty\libjpeg-turbo\src\jdsample.c ...
Compiling thirdparty\libjpeg-turbo\src\jfdctfst.c ...
Compiling thirdparty\libjpeg-turbo\src\jfdctint.c ...
Compiling thirdparty\libjpeg-turbo\src\jidctflt.c ...
Compiling thirdparty\libjpeg-turbo\src\jidctfst.c ...
Compiling thirdparty\libjpeg-turbo\src\jidctint.c ...
Compiling thirdparty\libjpeg-turbo\src\jidctred.c ...
Compiling thirdparty\libjpeg-turbo\src\jutils.c ...
Compiling thirdparty\libjpeg-turbo\src\jquant1.c ...
Compiling thirdparty\libjpeg-turbo\src\jquant2.c ...
Compiling thirdparty\libjpeg-turbo\src\jaricom.c ...
Compiling thirdparty\libjpeg-turbo\src\jcapimin.c ...
Compiling thirdparty\libjpeg-turbo\src\jcarith.c ...
Compiling thirdparty\libjpeg-turbo\src\jchuff.c ...
Compiling thirdparty\libjpeg-turbo\src\jcicc.c ...
Compiling thirdparty\libjpeg-turbo\src\jcinit.c ...
Compiling thirdparty\libjpeg-turbo\src\jcmarker.c ...
Compiling thirdparty\libjpeg-turbo\src\jcmaster.c ...
Compiling thirdparty\libjpeg-turbo\src\jcomapi.c ...
Compiling thirdparty\libjpeg-turbo\src\jcparam.c ...
Compiling thirdparty\libjpeg-turbo\src\jcphuff.c ...
Compiling thirdparty\libjpeg-turbo\src\jctrans.c ...
Compiling thirdparty\libjpeg-turbo\src\jdapimin.c ...
Compiling thirdparty\libjpeg-turbo\src\jdarith.c ...
Compiling thirdparty\libjpeg-turbo\src\jdatadst.c ...
Compiling thirdparty\libjpeg-turbo\src\jdatadst-tj.c ...
Compiling thirdparty\libjpeg-turbo\src\jdatasrc.c ...
Compiling thirdparty\libjpeg-turbo\src\jdatasrc-tj.c ...
Compiling thirdparty\libjpeg-turbo\src\jdhuff.c ...
Compiling thirdparty\libjpeg-turbo\src\jdicc.c ...
Compiling thirdparty\libjpeg-turbo\src\jdinput.c ...
Compiling thirdparty\libjpeg-turbo\src\jdmarker.c ...
Compiling thirdparty\libjpeg-turbo\src\jdmaster.c ...
Compiling thirdparty\libjpeg-turbo\src\jdphuff.c ...
Compiling thirdparty\libjpeg-turbo\src\jdtrans.c ...
Compiling thirdparty\libjpeg-turbo\src\jerror.c ...
Compiling thirdparty\libjpeg-turbo\src\jfdctflt.c ...
Compiling thirdparty\libjpeg-turbo\src\jmemmgr.c ...
Compiling thirdparty\libjpeg-turbo\src\jmemnobs.c ...
Compiling thirdparty\libjpeg-turbo\src\jpeg_nbits.c ...
Compiling thirdparty\libjpeg-turbo\src\transupp.c ...
Compiling thirdparty\libjpeg-turbo\src\turbojpeg.c ...
Compiling modules\jsonrpc\jsonrpc.cpp ...
Compiling modules\jsonrpc\register_types.cpp ...
Generating modules\lightmapper_rd\lm_blendseams.glsl.gen.h ...
Generating modules\lightmapper_rd\lm_compute.glsl.gen.h ...
Generating modules\lightmapper_rd\lm_raster.glsl.gen.h ...
Compiling modules\lightmapper_rd\register_types.cpp ...
Compiling modules\lightmapper_rd\lightmapper_rd.cpp ...
Compiling thirdparty\mbedtls\library\aes.c ...
Compiling thirdparty\mbedtls\library\aesce.c ...
Linking Static Library bin\obj\modules\module_jolt_physics.windows.editor.x86_64.lib ...
Compiling thirdparty\mbedtls\library\aesni.c ...
Compiling thirdparty\mbedtls\library\aria.c ...
Compiling thirdparty\mbedtls\library\asn1parse.c ...
Compiling thirdparty\mbedtls\library\asn1write.c ...
Compiling thirdparty\mbedtls\library\base64.c ...
Compiling thirdparty\mbedtls\library\bignum.c ...
Compiling thirdparty\mbedtls\library\bignum_core.c ...
Compiling thirdparty\mbedtls\library\bignum_mod_raw.c ...
Compiling thirdparty\mbedtls\library\camellia.c ...
Compiling thirdparty\mbedtls\library\ccm.c ...
Compiling thirdparty\mbedtls\library\chacha20.c ...
Compiling thirdparty\mbedtls\library\chachapoly.c ...
Compiling thirdparty\mbedtls\library\cipher.c ...
Compiling thirdparty\mbedtls\library\cipher_wrap.c ...
Compiling thirdparty\mbedtls\library\cmac.c ...
Compiling thirdparty\mbedtls\library\constant_time.c ...
Compiling thirdparty\mbedtls\library\ctr_drbg.c ...
Compiling thirdparty\mbedtls\library\debug.c ...
Compiling thirdparty\mbedtls\library\des.c ...
Compiling thirdparty\mbedtls\library\dhm.c ...
Compiling thirdparty\mbedtls\library\ecdh.c ...
Compiling thirdparty\mbedtls\library\ecdsa.c ...
Compiling thirdparty\mbedtls\library\ecjpake.c ...
Compiling thirdparty\mbedtls\library\ecp.c ...
Compiling thirdparty\mbedtls\library\ecp_curves.c ...
Compiling thirdparty\mbedtls\library\entropy.c ...
Compiling thirdparty\mbedtls\library\entropy_poll.c ...
Compiling thirdparty\mbedtls\library\error.c ...
Compiling thirdparty\mbedtls\library\gcm.c ...
Compiling thirdparty\mbedtls\library\hkdf.c ...
Compiling thirdparty\mbedtls\library\hmac_drbg.c ...
Linking Static Library bin\obj\modules\module_jsonrpc.windows.editor.x86_64.lib ...
Compiling thirdparty\mbedtls\library\md.c ...
Compiling thirdparty\mbedtls\library\md5.c ...
Compiling thirdparty\mbedtls\library\memory_buffer_alloc.c ...
Compiling thirdparty\mbedtls\library\mps_reader.c ...
Compiling thirdparty\mbedtls\library\mps_trace.c ...
Compiling thirdparty\mbedtls\library\net_sockets.c ...
Compiling thirdparty\mbedtls\library\nist_kw.c ...
Compiling thirdparty\mbedtls\library\oid.c ...
Compiling thirdparty\mbedtls\library\padlock.c ...
Compiling thirdparty\mbedtls\library\pem.c ...
Compiling thirdparty\mbedtls\library\pk.c ...
Compiling thirdparty\mbedtls\library\pk_ecc.c ...
Compiling thirdparty\mbedtls\library\pk_wrap.c ...
Compiling thirdparty\mbedtls\library\pkcs12.c ...
Compiling thirdparty\mbedtls\library\pkcs5.c ...
Compiling thirdparty\mbedtls\library\pkcs7.c ...
Compiling thirdparty\mbedtls\library\pkparse.c ...
Compiling thirdparty\mbedtls\library\pkwrite.c ...
Compiling thirdparty\mbedtls\library\platform.c ...
Compiling thirdparty\mbedtls\library\platform_util.c ...
Compiling thirdparty\mbedtls\library\poly1305.c ...
Compiling thirdparty\mbedtls\library\psa_crypto.c ...
Compiling thirdparty\mbedtls\library\psa_crypto_aead.c ...
Compiling thirdparty\mbedtls\library\psa_crypto_cipher.c ...
Compiling thirdparty\mbedtls\library\psa_crypto_client.c ...
Compiling thirdparty\mbedtls\library\psa_crypto_driver_wrappers_no_static.c ...
Compiling thirdparty\mbedtls\library\psa_crypto_ecp.c ...
Compiling thirdparty\mbedtls\library\psa_crypto_ffdh.c ...
Compiling thirdparty\mbedtls\library\psa_crypto_hash.c ...
Compiling thirdparty\mbedtls\library\psa_crypto_mac.c ...
Compiling thirdparty\mbedtls\library\psa_crypto_pake.c ...
Compiling thirdparty\mbedtls\library\psa_crypto_random.c ...
Compiling thirdparty\mbedtls\library\psa_crypto_rsa.c ...
Compiling thirdparty\mbedtls\library\psa_crypto_se.c ...
Compiling thirdparty\mbedtls\library\psa_crypto_slot_management.c ...
Compiling thirdparty\mbedtls\library\psa_crypto_storage.c ...
Compiling thirdparty\mbedtls\library\psa_its_file.c ...
Compiling thirdparty\mbedtls\library\psa_util.c ...
Compiling thirdparty\mbedtls\library\ripemd160.c ...
Compiling thirdparty\mbedtls\library\rsa.c ...
Compiling thirdparty\mbedtls\library\rsa_alt_helpers.c ...
Compiling thirdparty\mbedtls\library\sha1.c ...
Compiling thirdparty\mbedtls\library\sha3.c ...
Compiling thirdparty\mbedtls\library\sha256.c ...
Compiling thirdparty\mbedtls\library\sha512.c ...
Compiling thirdparty\mbedtls\library\ssl_cache.c ...
Compiling thirdparty\mbedtls\library\ssl_ciphersuites.c ...
Compiling thirdparty\mbedtls\library\ssl_client.c ...
Compiling thirdparty\mbedtls\library\ssl_cookie.c ...
Compiling thirdparty\mbedtls\library\ssl_debug_helpers_generated.c ...
Compiling thirdparty\mbedtls\library\ssl_msg.c ...
Compiling thirdparty\mbedtls\library\ssl_ticket.c ...
Compiling thirdparty\mbedtls\library\ssl_tls.c ...
Compiling thirdparty\mbedtls\library\ssl_tls12_client.c ...
Compiling thirdparty\mbedtls\library\ssl_tls12_server.c ...
Compiling thirdparty\mbedtls\library\ssl_tls13_client.c ...
Compiling thirdparty\mbedtls\library\ssl_tls13_generic.c ...
Compiling thirdparty\mbedtls\library\ssl_tls13_keys.c ...
Compiling thirdparty\mbedtls\library\ssl_tls13_server.c ...
Compiling thirdparty\mbedtls\library\threading.c ...
Compiling thirdparty\mbedtls\library\timing.c ...
Compiling thirdparty\mbedtls\library\version.c ...
Compiling thirdparty\mbedtls\library\version_features.c ...
Compiling thirdparty\mbedtls\library\x509.c ...
Compiling thirdparty\mbedtls\library\x509_create.c ...
Compiling thirdparty\mbedtls\library\x509_crl.c ...
Compiling thirdparty\mbedtls\library\x509_crt.c ...
Compiling thirdparty\mbedtls\library\x509_csr.c ...
Compiling thirdparty\mbedtls\library\x509write.c ...
Compiling thirdparty\mbedtls\library\x509write_crt.c ...
Compiling thirdparty\mbedtls\library\x509write_csr.c ...
Generating core\io\certs_compressed.gen.h ...
Compiling thirdparty\meshoptimizer\allocator.cpp ...
Compiling thirdparty\meshoptimizer\clusterizer.cpp ...
Compiling thirdparty\meshoptimizer\indexanalyzer.cpp ...
Compiling thirdparty\meshoptimizer\indexcodec.cpp ...
Compiling thirdparty\meshoptimizer\indexgenerator.cpp ...
Compiling thirdparty\meshoptimizer\overdrawoptimizer.cpp ...
Compiling thirdparty\meshoptimizer\partition.cpp ...
Compiling thirdparty\meshoptimizer\quantization.cpp ...
Compiling thirdparty\meshoptimizer\rasterizer.cpp ...
Compiling thirdparty\meshoptimizer\simplifier.cpp ...
Compiling thirdparty\meshoptimizer\spatialorder.cpp ...
Compiling thirdparty\meshoptimizer\stripifier.cpp ...
Compiling thirdparty\meshoptimizer\vcacheoptimizer.cpp ...
Compiling thirdparty\meshoptimizer\vertexcodec.cpp ...
Compiling thirdparty\meshoptimizer\vertexfilter.cpp ...
Compiling thirdparty\meshoptimizer\vfetchoptimizer.cpp ...
Compiling modules\mobile_vr\mobile_vr_interface.cpp ...
Compiling modules\jpg\register_types.cpp ...
Compiling modules\jpg\movie_writer_mjpeg.cpp ...
Compiling modules\mbedtls\dtls_server_mbedtls.cpp ...
Compiling modules\mbedtls\packet_peer_mbed_dtls.cpp ...
Compiling modules\mbedtls\crypto_mbedtls.cpp ...
Compiling modules\meshoptimizer\register_types.cpp ...
Linking Static Library bin\obj\modules\module_meshoptimizer.windows.editor.x86_64.lib ...
Compiling modules\mbedtls\tls_context_mbedtls.cpp ...
Compiling modules\mbedtls\stream_peer_mbedtls.cpp ...
Compiling modules\mbedtls\register_types.cpp ...
Compiling modules\jpg\image_loader_libjpeg_turbo.cpp ...
Compiling modules\mobile_vr\register_types.cpp ...
Compiling modules\mp3\audio_stream_mp3.cpp ...
Compiling modules\mp3\register_types.cpp ...
Linking Static Library bin\obj\modules\module_lightmapper_rd.windows.editor.x86_64.lib ...
Compiling modules\mp3\resource_importer_mp3.cpp ...
Compiling modules\multiplayer\multiplayer_debugger.cpp ...
Compiling modules\multiplayer\multiplayer_spawner.cpp ...
Linking Static Library bin\obj\modules\module_jpg.windows.editor.x86_64.lib ...
Compiling modules\multiplayer\multiplayer_synchronizer.cpp ...
Linking Static Library bin\obj\modules\module_mobile_vr.windows.editor.x86_64.lib ...
Compiling modules\multiplayer\register_types.cpp ...
Linking Static Library bin\obj\modules\module_mbedtls.windows.editor.x86_64.lib ...
Compiling modules\multiplayer\scene_cache_interface.cpp ...
Compiling modules\multiplayer\scene_multiplayer.cpp ...
Compiling modules\multiplayer\scene_replication_config.cpp ...
Compiling modules\multiplayer\scene_replication_interface.cpp ...
Compiling modules\multiplayer\scene_rpc_interface.cpp ...
Linking Static Library bin\obj\modules\module_mp3.windows.editor.x86_64.lib ...
Compiling modules\multiplayer\editor\editor_network_profiler.cpp ...
Compiling modules\multiplayer\editor\multiplayer_editor_plugin.cpp ...
Compiling modules\multiplayer\editor\replication_editor.cpp ...
Compiling thirdparty\rvo2\rvo2_2d\Agent2d.cpp ...
Compiling thirdparty\rvo2\rvo2_2d\Obstacle2d.cpp ...
Compiling thirdparty\rvo2\rvo2_2d\KdTree2d.cpp ...
Compiling thirdparty\rvo2\rvo2_2d\RVOSimulator2d.cpp ...
Compiling thirdparty\recastnavigation\Recast\Source\Recast.cpp ...
Compiling thirdparty\recastnavigation\Recast\Source\RecastAlloc.cpp ...
Compiling thirdparty\recastnavigation\Recast\Source\RecastArea.cpp ...
Compiling thirdparty\recastnavigation\Recast\Source\RecastAssert.cpp ...
Compiling thirdparty\recastnavigation\Recast\Source\RecastContour.cpp ...
Compiling thirdparty\recastnavigation\Recast\Source\RecastFilter.cpp ...
Compiling thirdparty\recastnavigation\Recast\Source\RecastLayers.cpp ...
Compiling thirdparty\recastnavigation\Recast\Source\RecastMesh.cpp ...
Compiling thirdparty\recastnavigation\Recast\Source\RecastMeshDetail.cpp ...
Compiling thirdparty\recastnavigation\Recast\Source\RecastRasterization.cpp ...
Compiling thirdparty\recastnavigation\Recast\Source\RecastRegion.cpp ...
Compiling thirdparty\rvo2\rvo2_3d\Agent3d.cpp ...
Compiling modules\navigation_2d\nav_link_2d.cpp ...
Compiling modules\navigation_2d\triangle2.cpp ...
Compiling modules\navigation_2d\editor\navigation_region_2d_editor_plugin.cpp ...
Compiling modules\navigation_2d\2d\nav_mesh_queries_2d.cpp ...
Compiling modules\navigation_2d\editor\navigation_obstacle_2d_editor_plugin.cpp ...
Compiling modules\navigation_2d\nav_agent_2d.cpp ...
Compiling modules\navigation_2d\register_types.cpp ...
Compiling modules\navigation_2d\2d\nav_mesh_generator_2d.cpp ...
Compiling modules\navigation_2d\nav_region_2d.cpp ...
Compiling modules\navigation_2d\2d\godot_navigation_server_2d.cpp ...
Linking Static Library bin\obj\modules\module_multiplayer.windows.editor.x86_64.lib ...
Compiling modules\navigation_2d\nav_map_2d.cpp ...
Compiling modules\navigation_2d\editor\navigation_link_2d_editor_plugin.cpp ...
Compiling modules\navigation_2d\nav_obstacle_2d.cpp ...
Compiling modules\navigation_2d\2d\nav_region_builder_2d.cpp ...
Compiling modules\navigation_2d\2d\nav_map_builder_2d.cpp ...
Compiling thirdparty\rvo2\rvo2_3d\KdTree3d.cpp ...
Compiling thirdparty\rvo2\rvo2_3d\RVOSimulator3d.cpp ...
Compiling modules\noise\fastnoise_lite.cpp ...
Compiling modules\noise\noise.cpp ...
Compiling modules\noise\noise_texture_2d.cpp ...
Compiling modules\noise\noise_texture_3d.cpp ...
Compiling modules\navigation_3d\editor\navigation_link_3d_gizmo_plugin.cpp ...
Compiling modules\navigation_3d\nav_obstacle_3d.cpp ...
Compiling modules\navigation_3d\3d\nav_mesh_generator_3d.cpp ...
Linking Static Library bin\obj\modules\module_navigation_2d.windows.editor.x86_64.lib ...
Compiling modules\navigation_3d\register_types.cpp ...
Compiling modules\navigation_3d\nav_agent_3d.cpp ...
Compiling modules\navigation_3d\editor\navigation_region_3d_gizmo_plugin.cpp ...
Compiling modules\navigation_3d\editor\navigation_obstacle_3d_editor_plugin.cpp ...
Compiling modules\navigation_3d\3d\navigation_mesh_generator.cpp ...
Compiling modules\navigation_3d\3d\nav_map_builder_3d.cpp ...
Compiling modules\navigation_3d\3d\godot_navigation_server_3d.cpp ...
Compiling modules\navigation_3d\nav_region_3d.cpp ...
Compiling modules\navigation_3d\editor\navigation_link_3d_editor_plugin.cpp ...
Compiling modules\navigation_3d\nav_map_3d.cpp ...
Compiling modules\navigation_3d\nav_link_3d.cpp ...
Compiling modules\navigation_3d\editor\navigation_region_3d_editor_plugin.cpp ...
Compiling modules\navigation_3d\3d\nav_region_builder_3d.cpp ...
Compiling modules\navigation_3d\3d\nav_mesh_queries_3d.cpp ...
Compiling modules\noise\register_types.cpp ...
Compiling modules\noise\editor\noise_editor_plugin.cpp ...
Compiling modules\objectdb_profiler\register_types.cpp ...
Compiling modules\objectdb_profiler\snapshot_collector.cpp ...
Compiling modules\objectdb_profiler\editor\objectdb_profiler_panel.cpp ...
Compiling modules\objectdb_profiler\editor\objectdb_profiler_plugin.cpp ...
Compiling modules\objectdb_profiler\editor\snapshot_data.cpp ...
Compiling modules\objectdb_profiler\editor\data_viewers\class_view.cpp ...
Compiling modules\objectdb_profiler\editor\data_viewers\node_view.cpp ...
Compiling modules\objectdb_profiler\editor\data_viewers\object_view.cpp ...
Linking Static Library bin\obj\modules\module_navigation_3d.windows.editor.x86_64.lib ...
Linking Static Library bin\obj\modules\module_noise.windows.editor.x86_64.lib ...
Compiling modules\objectdb_profiler\editor\data_viewers\refcounted_view.cpp ...
Compiling modules\objectdb_profiler\editor\data_viewers\shared_controls.cpp ...
Compiling modules\objectdb_profiler\editor\data_viewers\snapshot_view.cpp ...
Compiling modules\objectdb_profiler\editor\data_viewers\summary_view.cpp ...
Compiling thirdparty\libogg\bitwise.c ...
Compiling thirdparty\libogg\framing.c ...
Compiling modules\ogg\ogg_packet_sequence.cpp ...
Compiling modules\ogg\register_types.cpp ...
Compiling thirdparty\openxr\src\xr_generated_dispatch_table_core.c ...
Compiling thirdparty\openxr\src\common\filesystem_utils.cpp ...
Compiling thirdparty\openxr\src\common\object_info.cpp ...
Compiling thirdparty\openxr\src\loader\api_layer_interface.cpp ...
Compiling thirdparty\openxr\src\loader\loader_core.cpp ...
Compiling thirdparty\openxr\src\loader\loader_init_data.cpp ...
Compiling thirdparty\openxr\src\loader\loader_instance.cpp ...
Compiling thirdparty\openxr\src\loader\loader_logger_recorders.cpp ...
Linking Static Library bin\obj\modules\module_ogg.windows.editor.x86_64.lib ...
Compiling thirdparty\openxr\src\loader\loader_logger.cpp ...
Compiling thirdparty\openxr\src\loader\loader_properties.cpp ...
Linking Static Library bin\obj\modules\module_objectdb_profiler.windows.editor.x86_64.lib ...
Compiling thirdparty\openxr\src\loader\manifest_file.cpp ...
Compiling thirdparty\openxr\src\loader\runtime_interface.cpp ...
Compiling thirdparty\openxr\src\external\jsoncpp\src\lib_json\json_reader.cpp ...
Compiling thirdparty\openxr\src\external\jsoncpp\src\lib_json\json_value.cpp ...
Compiling thirdparty\openxr\src\external\jsoncpp\src\lib_json\json_writer.cpp ...
Compiling modules\openxr\action_map\openxr_action.cpp ...
Compiling modules\openxr\action_map\openxr_action_map.cpp ...
Compiling modules\openxr\action_map\openxr_action_set.cpp ...
Compiling modules\openxr\action_map\openxr_binding_modifier.cpp ...
Compiling modules\openxr\action_map\openxr_haptic_feedback.cpp ...
Compiling modules\openxr\action_map\openxr_interaction_profile.cpp ...
Compiling modules\openxr\action_map\openxr_interaction_profile_metadata.cpp ...
Compiling modules\openxr\openxr_interface.cpp ...
Compiling modules\openxr\openxr_api.cpp ...
Compiling modules\openxr\register_types.cpp ...
Compiling modules\openxr\openxr_util.cpp ...
Compiling modules\openxr\openxr_structure.cpp ...
Compiling modules\openxr\openxr_api_extension.cpp ...
Compiling modules\openxr\extensions\openxr_android_thread_settings_extension.cpp ...
Compiling modules\openxr\extensions\openxr_composition_layer_depth_extension.cpp ...
Compiling modules\openxr\extensions\openxr_composition_layer_extension.cpp ...
Compiling modules\openxr\extensions\openxr_debug_utils_extension.cpp ...
Compiling modules\openxr\extensions\openxr_dpad_binding_extension.cpp ...
Compiling modules\openxr\extensions\openxr_extension_wrapper.cpp ...
Compiling modules\openxr\extensions\openxr_eye_gaze_interaction.cpp ...
Compiling modules\openxr\extensions\openxr_fb_display_refresh_rate_extension.cpp ...
Compiling modules\openxr\extensions\openxr_fb_foveation_extension.cpp ...
Compiling modules\openxr\extensions\openxr_fb_update_swapchain_extension.cpp ...
Compiling modules\openxr\extensions\openxr_frame_synthesis_extension.cpp ...
Compiling modules\openxr\extensions\openxr_future_extension.cpp ...
Compiling modules\openxr\extensions\openxr_hand_interaction_extension.cpp ...
Compiling modules\openxr\extensions\openxr_hand_tracking_extension.cpp ...
Compiling modules\openxr\extensions\openxr_htc_controller_extension.cpp ...
Compiling modules\openxr\extensions\openxr_htc_vive_tracker_extension.cpp ...
Compiling modules\openxr\extensions\openxr_huawei_controller_extension.cpp ...
Compiling modules\openxr\extensions\openxr_khr_generic_controller_extension.cpp ...
Compiling modules\openxr\extensions\openxr_local_floor_extension.cpp ...
Compiling modules\openxr\extensions\openxr_meta_controller_extension.cpp ...
Compiling modules\openxr\extensions\openxr_ml2_controller_extension.cpp ...
Compiling modules\openxr\extensions\openxr_mxink_extension.cpp ...
Compiling modules\openxr\extensions\openxr_palm_pose_extension.cpp ...
Compiling modules\openxr\extensions\openxr_performance_settings_extension.cpp ...
Compiling modules\openxr\extensions\openxr_pico_controller_extension.cpp ...
Compiling modules\openxr\extensions\openxr_render_model_extension.cpp ...
Compiling modules\openxr\extensions\openxr_user_presence_extension.cpp ...
Compiling modules\openxr\extensions\openxr_valve_analog_threshold_extension.cpp ...
Compiling modules\openxr\extensions\openxr_valve_controller_extension.cpp ...
Compiling modules\openxr\extensions\openxr_visibility_mask_extension.cpp ...
Compiling modules\openxr\extensions\openxr_wmr_controller_extension.cpp ...
Compiling modules\openxr\extensions\spatial_entities\openxr_spatial_anchor.cpp ...
Compiling modules\openxr\extensions\spatial_entities\openxr_spatial_entities.cpp ...
Compiling modules\openxr\extensions\spatial_entities\openxr_spatial_entity_extension.cpp ...
Compiling modules\openxr\extensions\spatial_entities\openxr_spatial_marker_tracking.cpp ...
Compiling modules\openxr\extensions\spatial_entities\openxr_spatial_plane_tracking.cpp ...
Compiling modules\openxr\extensions\platform\openxr_vulkan_extension.cpp ...
Compiling modules\openxr\extensions\platform\openxr_opengl_extension.cpp ...
Compiling modules\openxr\scene\openxr_composition_layer.cpp ...
Compiling modules\openxr\scene\openxr_composition_layer_cylinder.cpp ...
Compiling modules\openxr\scene\openxr_composition_layer_equirect.cpp ...
Compiling modules\openxr\scene\openxr_composition_layer_quad.cpp ...
Compiling modules\openxr\scene\openxr_hand.cpp ...
Compiling modules\openxr\scene\openxr_render_model.cpp ...
Compiling modules\openxr\scene\openxr_render_model_manager.cpp ...
Compiling modules\openxr\scene\openxr_visibility_mask.cpp ...
Compiling modules\openxr\editor\openxr_action_editor.cpp ...
Compiling modules\openxr\editor\openxr_action_map_editor.cpp ...
Compiling modules\openxr\editor\openxr_action_set_editor.cpp ...
Compiling modules\openxr\editor\openxr_binding_modifier_editor.cpp ...
Compiling modules\openxr\editor\openxr_binding_modifiers_dialog.cpp ...
Compiling modules\openxr\editor\openxr_editor_plugin.cpp ...
Compiling modules\openxr\editor\openxr_interaction_profile_editor.cpp ...
Compiling modules\openxr\editor\openxr_select_action_dialog.cpp ...
Compiling modules\openxr\editor\openxr_select_interaction_profile_dialog.cpp ...
Compiling modules\openxr\editor\openxr_select_runtime.cpp ...
Compiling thirdparty\embree\common\sys\sysinfo.cpp ...
Compiling thirdparty\embree\common\sys\alloc.cpp ...
Compiling thirdparty\embree\common\sys\estring.cpp ...
Compiling thirdparty\embree\common\sys\filename.cpp ...
Compiling thirdparty\embree\common\sys\library.cpp ...
Compiling thirdparty\embree\common\sys\thread.cpp ...
Compiling thirdparty\embree\common\sys\regression.cpp ...
Compiling thirdparty\embree\common\sys\mutex.cpp ...
Compiling thirdparty\embree\common\sys\condition.cpp ...
Compiling thirdparty\embree\common\sys\barrier.cpp ...
Linking Static Library bin\obj\modules\module_openxr.windows.editor.x86_64.lib ...
Compiling thirdparty\embree\common\math\constants.cpp ...
Compiling thirdparty\embree\common\simd\sse.cpp ...
Compiling thirdparty\embree\common\lexers\stringstream.cpp ...
Compiling thirdparty\embree\common\lexers\tokenstream.cpp ...
Compiling thirdparty\embree\common\tasking\taskschedulerinternal.cpp ...
Compiling thirdparty\embree\kernels\common\device.cpp ...
Compiling thirdparty\embree\kernels\common\stat.cpp ...
Compiling thirdparty\embree\kernels\common\acceln.cpp ...
Compiling thirdparty\embree\kernels\common\accelset.cpp ...
Compiling thirdparty\embree\kernels\common\state.cpp ...
Compiling thirdparty\embree\kernels\common\rtcore.cpp ...
Compiling thirdparty\embree\kernels\common\rtcore_builder.cpp ...
Compiling thirdparty\embree\kernels\common\scene.cpp ...
Compiling thirdparty\embree\kernels\common\scene_verify.cpp ...
Compiling thirdparty\embree\kernels\common\alloc.cpp ...
Compiling thirdparty\embree\kernels\common\geometry.cpp ...
Compiling thirdparty\embree\kernels\common\scene_triangle_mesh.cpp ...
Compiling thirdparty\embree\kernels\geometry\primitive4.cpp ...
Compiling thirdparty\embree\kernels\builders\primrefgen.cpp ...
Compiling thirdparty\embree\kernels\bvh\bvh.cpp ...
Compiling thirdparty\embree\kernels\bvh\bvh_statistics.cpp ...
Compiling thirdparty\embree\kernels\bvh\bvh4_factory.cpp ...
Compiling thirdparty\embree\kernels\bvh\bvh8_factory.cpp ...
Compiling thirdparty\embree\kernels\bvh\bvh_collider.cpp ...
Compiling thirdparty\embree\kernels\bvh\bvh_rotate.cpp ...
Compiling thirdparty\embree\kernels\bvh\bvh_refit.cpp ...
Compiling thirdparty\embree\kernels\bvh\bvh_builder.cpp ...
Compiling thirdparty\embree\kernels\bvh\bvh_builder_morton.cpp ...
Compiling thirdparty\embree\kernels\bvh\bvh_builder_sah.cpp ...
Compiling thirdparty\embree\kernels\bvh\bvh_builder_sah_spatial.cpp ...
Compiling thirdparty\embree\kernels\bvh\bvh_builder_sah_mb.cpp ...
Compiling thirdparty\embree\kernels\bvh\bvh_builder_twolevel.cpp ...
Compiling thirdparty\embree\kernels\bvh\bvh_intersector1_bvh4.cpp ...
Compiling thirdparty\embree\kernels\bvh\bvh_intersector_hybrid4_bvh4.cpp ...
Compiling thirdparty\pcre2\src\pcre2_auto_possess.c ...
Compiling thirdparty\pcre2\src\pcre2_chartables.c ...
Compiling thirdparty\pcre2\src\pcre2_chkdint.c ...
Compiling thirdparty\pcre2\src\pcre2_compile.c ...
Compiling thirdparty\pcre2\src\pcre2_compile_cgroup.c ...
Compiling thirdparty\pcre2\src\pcre2_compile_class.c ...
Compiling thirdparty\pcre2\src\pcre2_config.c ...
Compiling thirdparty\pcre2\src\pcre2_context.c ...
Compiling thirdparty\pcre2\src\pcre2_convert.c ...
Compiling thirdparty\pcre2\src\pcre2_dfa_match.c ...
Compiling thirdparty\pcre2\src\pcre2_error.c ...
Compiling thirdparty\pcre2\src\pcre2_extuni.c ...
Compiling thirdparty\pcre2\src\pcre2_find_bracket.c ...
Compiling thirdparty\pcre2\src\pcre2_jit_compile.c ...
Compiling thirdparty\pcre2\src\pcre2_maketables.c ...
Compiling thirdparty\pcre2\src\pcre2_match.c ...
Compiling thirdparty\pcre2\src\pcre2_match_data.c ...
Compiling thirdparty\pcre2\src\pcre2_match_next.c ...
Compiling thirdparty\pcre2\src\pcre2_newline.c ...
Compiling thirdparty\pcre2\src\pcre2_ord2utf.c ...
Compiling thirdparty\pcre2\src\pcre2_pattern_info.c ...
Compiling thirdparty\pcre2\src\pcre2_script_run.c ...
Compiling thirdparty\pcre2\src\pcre2_serialize.c ...
Compiling thirdparty\pcre2\src\pcre2_string_utils.c ...
Compiling thirdparty\pcre2\src\pcre2_study.c ...
Compiling thirdparty\pcre2\src\pcre2_substitute.c ...
Compiling thirdparty\pcre2\src\pcre2_substring.c ...
Compiling thirdparty\pcre2\src\pcre2_tables.c ...
Compiling thirdparty\pcre2\src\pcre2_ucd.c ...
Compiling thirdparty\pcre2\src\pcre2_valid_utf.c ...
Compiling thirdparty\pcre2\src\pcre2_xclass.c ...
Compiling thirdparty\pcre2\src\pcre2_auto_possess.c ...
Compiling thirdparty\pcre2\src\pcre2_chartables.c ...
Compiling thirdparty\pcre2\src\pcre2_chkdint.c ...
Compiling thirdparty\pcre2\src\pcre2_compile.c ...
Compiling thirdparty\pcre2\src\pcre2_compile_cgroup.c ...
Compiling thirdparty\pcre2\src\pcre2_compile_class.c ...
Compiling thirdparty\pcre2\src\pcre2_config.c ...
Compiling thirdparty\pcre2\src\pcre2_context.c ...
Compiling thirdparty\pcre2\src\pcre2_convert.c ...
Compiling thirdparty\pcre2\src\pcre2_dfa_match.c ...
Compiling thirdparty\pcre2\src\pcre2_error.c ...
Compiling thirdparty\pcre2\src\pcre2_extuni.c ...
Compiling thirdparty\pcre2\src\pcre2_find_bracket.c ...
Compiling thirdparty\pcre2\src\pcre2_jit_compile.c ...
Compiling thirdparty\pcre2\src\pcre2_maketables.c ...
Compiling thirdparty\pcre2\src\pcre2_match.c ...
Compiling thirdparty\pcre2\src\pcre2_match_data.c ...
Compiling thirdparty\pcre2\src\pcre2_match_next.c ...
Compiling thirdparty\pcre2\src\pcre2_newline.c ...
Compiling thirdparty\pcre2\src\pcre2_ord2utf.c ...
Compiling thirdparty\pcre2\src\pcre2_pattern_info.c ...
Compiling thirdparty\pcre2\src\pcre2_script_run.c ...
Compiling thirdparty\pcre2\src\pcre2_serialize.c ...
Compiling thirdparty\pcre2\src\pcre2_string_utils.c ...
Compiling thirdparty\pcre2\src\pcre2_study.c ...
Compiling thirdparty\pcre2\src\pcre2_substitute.c ...
Compiling thirdparty\pcre2\src\pcre2_substring.c ...
Compiling thirdparty\pcre2\src\pcre2_tables.c ...
Compiling thirdparty\pcre2\src\pcre2_ucd.c ...
Compiling thirdparty\pcre2\src\pcre2_valid_utf.c ...
Compiling thirdparty\pcre2\src\pcre2_xclass.c ...
Compiling modules\tga\image_loader_tga.cpp ...
Compiling modules\tga\register_types.cpp ...
Compiling thirdparty\tinyexr\tinyexr.cc ...
Compiling thirdparty\miniupnpc\src\igd_desc_parse.c ...
Compiling thirdparty\miniupnpc\src\miniupnpc.c ...
Compiling thirdparty\miniupnpc\src\minixml.c ...
Compiling thirdparty\miniupnpc\src\minisoap.c ...
Compiling thirdparty\miniupnpc\src\minissdpc.c ...
Compiling thirdparty\miniupnpc\src\miniwget.c ...
Compiling thirdparty\miniupnpc\src\upnpcommands.c ...
Compiling thirdparty\miniupnpc\src\upnpdev.c ...
Compiling thirdparty\miniupnpc\src\upnpreplyparse.c ...
Linking Static Library bin\obj\modules\module_tga.windows.editor.x86_64.lib ...
Compiling thirdparty\miniupnpc\src\connecthostport.c ...
Compiling thirdparty\miniupnpc\src\portlistingparse.c ...
Compiling thirdparty\miniupnpc\src\receivedata.c ...
Compiling thirdparty\miniupnpc\src\addr_is_reserved.c ...
Compiling thirdparty\vhacd\src\vhacdManifoldMesh.cpp ...
Compiling thirdparty\vhacd\src\FloatMath.cpp ...
Compiling modules\upnp\upnp_miniupnp.cpp ...
Compiling modules\upnp\upnp_device_miniupnp.cpp ...
Compiling modules\upnp\upnp_device.cpp ...
Compiling modules\upnp\upnp.cpp ...
Compiling modules\upnp\register_types.cpp ...
Compiling thirdparty\vhacd\src\vhacdMesh.cpp ...
Compiling modules\tinyexr\image_loader_tinyexr.cpp ...
Compiling modules\tinyexr\image_saver_tinyexr.cpp ...
Compiling modules\tinyexr\register_types.cpp ...
Compiling thirdparty\vhacd\src\vhacdICHull.cpp ...
Compiling thirdparty\vhacd\src\vhacdVolume.cpp ...
Linking Static Library bin\obj\modules\module_upnp.windows.editor.x86_64.lib ...
Compiling thirdparty\vhacd\src\VHACD-ASYNC.cpp ...
Compiling thirdparty\vhacd\src\btAlignedAllocator.cpp ...
Compiling thirdparty\vhacd\src\vhacdRaycastMesh.cpp ...
Compiling thirdparty\vhacd\src\VHACD.cpp ...
Compiling thirdparty\vhacd\src\btConvexHullComputer.cpp ...
Compiling modules\visual_shader\register_types.cpp ...
Compiling modules\visual_shader\visual_shader.cpp ...
Linking Static Library bin\obj\modules\module_tinyexr.windows.editor.x86_64.lib ...
Compiling modules\visual_shader\vs_nodes\visual_shader_nodes.cpp ...
Compiling modules\visual_shader\vs_nodes\visual_shader_particle_nodes.cpp ...
Compiling modules\visual_shader\vs_nodes\visual_shader_sdf_nodes.cpp ...
Compiling modules\regex\regex.cpp ...
Compiling modules\raycast\lightmap_raycaster_embree.cpp ...
Compiling modules\raycast\raycast_occlusion_cull.cpp ...
Compiling modules\vhacd\register_types.cpp ...
Compiling modules\raycast\static_raycaster_embree.cpp ...
Compiling modules\raycast\register_types.cpp ...
Compiling modules\regex\register_types.cpp ...
Linking Static Library bin\obj\modules\module_vhacd.windows.editor.x86_64.lib ...
Compiling modules\visual_shader\editor\visual_shader_editor_plugin.cpp ...
Compiling modules\visual_shader\editor\visual_shader_language_plugin.cpp ...
Linking Static Library bin\obj\modules\module_raycast.windows.editor.x86_64.lib ...
Compiling thirdparty\libwebp\sharpyuv\sharpyuv.c ...
Compiling thirdparty\libwebp\sharpyuv\sharpyuv_cpu.c ...
Compiling thirdparty\libwebp\sharpyuv\sharpyuv_csp.c ...
Compiling thirdparty\libwebp\sharpyuv\sharpyuv_dsp.c ...
Compiling thirdparty\libwebp\sharpyuv\sharpyuv_gamma.c ...
Compiling thirdparty\libwebp\sharpyuv\sharpyuv_neon.c ...
Compiling thirdparty\libwebp\sharpyuv\sharpyuv_sse2.c ...
Compiling thirdparty\libwebp\src\dec\alpha_dec.c ...
Compiling thirdparty\libwebp\src\dec\buffer_dec.c ...
Compiling thirdparty\libwebp\src\dec\frame_dec.c ...
Compiling thirdparty\libwebp\src\dec\idec_dec.c ...
Compiling thirdparty\libwebp\src\dec\io_dec.c ...
Compiling thirdparty\libwebp\src\dec\quant_dec.c ...
Compiling thirdparty\libwebp\src\dec\tree_dec.c ...
Compiling thirdparty\libwebp\src\dec\vp8_dec.c ...
Compiling thirdparty\libwebp\src\dec\vp8l_dec.c ...
Compiling thirdparty\libwebp\src\dec\webp_dec.c ...
Linking Static Library bin\obj\modules\module_regex.windows.editor.x86_64.lib ...
Compiling thirdparty\libwebp\src\demux\anim_decode.c ...
Compiling thirdparty\libwebp\src\demux\demux.c ...
Compiling thirdparty\libwebp\src\dsp\alpha_processing.c ...
Compiling thirdparty\libwebp\src\dsp\alpha_processing_mips_dsp_r2.c ...
Compiling thirdparty\libwebp\src\dsp\alpha_processing_neon.c ...
Compiling thirdparty\libwebp\src\dsp\alpha_processing_sse2.c ...
Compiling thirdparty\libwebp\src\dsp\alpha_processing_sse41.c ...
Compiling thirdparty\libwebp\src\dsp\cost.c ...
Compiling thirdparty\libwebp\src\dsp\cost_mips32.c ...
Compiling thirdparty\libwebp\src\dsp\cost_mips_dsp_r2.c ...
Compiling thirdparty\libwebp\src\dsp\cost_neon.c ...
Compiling thirdparty\libwebp\src\dsp\cost_sse2.c ...
Compiling thirdparty\libwebp\src\dsp\cpu.c ...
Compiling thirdparty\libwebp\src\dsp\dec.c ...
Compiling thirdparty\libwebp\src\dsp\dec_clip_tables.c ...
Compiling thirdparty\libwebp\src\dsp\dec_mips32.c ...
Compiling thirdparty\libwebp\src\dsp\dec_mips_dsp_r2.c ...
Compiling thirdparty\libwebp\src\dsp\dec_msa.c ...
Compiling thirdparty\libwebp\src\dsp\dec_neon.c ...
Compiling thirdparty\libwebp\src\dsp\dec_sse2.c ...
Compiling thirdparty\libwebp\src\dsp\dec_sse41.c ...
Compiling thirdparty\libwebp\src\dsp\enc.c ...
Compiling thirdparty\libwebp\src\dsp\enc_mips32.c ...
Compiling thirdparty\libwebp\src\dsp\enc_mips_dsp_r2.c ...
Compiling thirdparty\libwebp\src\dsp\enc_msa.c ...
Compiling thirdparty\libwebp\src\dsp\enc_neon.c ...
Compiling thirdparty\libwebp\src\dsp\enc_sse2.c ...
Compiling thirdparty\libwebp\src\dsp\enc_sse41.c ...
Compiling thirdparty\libwebp\src\dsp\filters.c ...
Compiling thirdparty\libwebp\src\dsp\filters_mips_dsp_r2.c ...
Compiling thirdparty\libwebp\src\dsp\filters_msa.c ...
Compiling thirdparty\libwebp\src\dsp\filters_neon.c ...
Compiling thirdparty\libwebp\src\dsp\filters_sse2.c ...
Compiling thirdparty\libwebp\src\dsp\lossless.c ...
Compiling thirdparty\libwebp\src\dsp\lossless_avx2.c ...
Compiling thirdparty\libwebp\src\dsp\lossless_enc.c ...
Compiling thirdparty\libwebp\src\dsp\lossless_enc_avx2.c ...
Compiling thirdparty\libwebp\src\dsp\lossless_enc_mips32.c ...
Compiling thirdparty\libwebp\src\dsp\lossless_enc_mips_dsp_r2.c ...
Compiling thirdparty\libwebp\src\dsp\lossless_enc_msa.c ...
Compiling thirdparty\libwebp\src\dsp\lossless_enc_neon.c ...
Compiling thirdparty\libwebp\src\dsp\lossless_enc_sse2.c ...
Compiling thirdparty\libwebp\src\dsp\lossless_enc_sse41.c ...
Compiling thirdparty\libwebp\src\dsp\lossless_mips_dsp_r2.c ...
Compiling thirdparty\libwebp\src\dsp\lossless_msa.c ...
Compiling thirdparty\libwebp\src\dsp\lossless_neon.c ...
Compiling thirdparty\libwebp\src\dsp\lossless_sse2.c ...
Compiling thirdparty\libwebp\src\dsp\lossless_sse41.c ...
Compiling thirdparty\libwebp\src\dsp\rescaler.c ...
Compiling thirdparty\libwebp\src\dsp\rescaler_mips32.c ...
Compiling thirdparty\libwebp\src\dsp\rescaler_mips_dsp_r2.c ...
Compiling thirdparty\libwebp\src\dsp\rescaler_msa.c ...
Compiling thirdparty\libwebp\src\dsp\rescaler_neon.c ...
Compiling thirdparty\libwebp\src\dsp\rescaler_sse2.c ...
Compiling thirdparty\libwebp\src\dsp\ssim.c ...
Compiling thirdparty\libwebp\src\dsp\ssim_sse2.c ...
Compiling thirdparty\libwebp\src\dsp\upsampling.c ...
Compiling thirdparty\libwebp\src\dsp\upsampling_mips_dsp_r2.c ...
Compiling thirdparty\libwebp\src\dsp\upsampling_msa.c ...
Compiling thirdparty\libwebp\src\dsp\upsampling_neon.c ...
Compiling thirdparty\libwebp\src\dsp\upsampling_sse2.c ...
Compiling thirdparty\libwebp\src\dsp\upsampling_sse41.c ...
Compiling thirdparty\libwebp\src\dsp\yuv.c ...
Compiling thirdparty\libwebp\src\dsp\yuv_mips32.c ...
Compiling thirdparty\libwebp\src\dsp\yuv_mips_dsp_r2.c ...
Compiling thirdparty\libwebp\src\dsp\yuv_neon.c ...
Compiling thirdparty\libwebp\src\dsp\yuv_sse2.c ...
Compiling thirdparty\libwebp\src\dsp\yuv_sse41.c ...
Compiling thirdparty\libwebp\src\enc\alpha_enc.c ...
Compiling thirdparty\libwebp\src\enc\analysis_enc.c ...
Compiling thirdparty\libwebp\src\enc\backward_references_cost_enc.c ...
Compiling thirdparty\libwebp\src\enc\backward_references_enc.c ...
Compiling thirdparty\libwebp\src\enc\config_enc.c ...
Compiling thirdparty\libwebp\src\enc\cost_enc.c ...
Compiling thirdparty\libwebp\src\enc\filter_enc.c ...
Compiling thirdparty\libwebp\src\enc\frame_enc.c ...
Compiling thirdparty\libwebp\src\enc\histogram_enc.c ...
Compiling thirdparty\libwebp\src\enc\iterator_enc.c ...
Compiling thirdparty\libwebp\src\enc\near_lossless_enc.c ...
Compiling thirdparty\libwebp\src\enc\picture_csp_enc.c ...
Compiling thirdparty\libwebp\src\enc\picture_enc.c ...
Compiling thirdparty\libwebp\src\enc\picture_psnr_enc.c ...
Compiling thirdparty\libwebp\src\enc\picture_rescale_enc.c ...
Compiling thirdparty\libwebp\src\enc\picture_tools_enc.c ...
Compiling thirdparty\libwebp\src\enc\predictor_enc.c ...
Compiling thirdparty\libwebp\src\enc\quant_enc.c ...
Compiling thirdparty\libwebp\src\enc\syntax_enc.c ...
Compiling thirdparty\libwebp\src\enc\token_enc.c ...
Compiling thirdparty\libwebp\src\enc\tree_enc.c ...
Compiling thirdparty\libwebp\src\enc\vp8l_enc.c ...
Compiling thirdparty\libwebp\src\enc\webp_enc.c ...
Compiling thirdparty\libwebp\src\mux\anim_encode.c ...
Compiling thirdparty\libwebp\src\mux\muxedit.c ...
Compiling thirdparty\libwebp\src\mux\muxinternal.c ...
Compiling thirdparty\libwebp\src\mux\muxread.c ...
Compiling thirdparty\libwebp\src\utils\bit_reader_utils.c ...
Compiling thirdparty\libwebp\src\utils\bit_writer_utils.c ...
Compiling thirdparty\libwebp\src\utils\color_cache_utils.c ...
Compiling thirdparty\libwebp\src\utils\filters_utils.c ...
Compiling thirdparty\libwebp\src\utils\huffman_encode_utils.c ...
Compiling thirdparty\libwebp\src\utils\huffman_utils.c ...
Compiling thirdparty\libwebp\src\utils\palette.c ...
Compiling thirdparty\libwebp\src\utils\quant_levels_dec_utils.c ...
Compiling thirdparty\libwebp\src\utils\quant_levels_utils.c ...
Compiling thirdparty\libwebp\src\utils\random_utils.c ...
Compiling thirdparty\libwebp\src\utils\rescaler_utils.c ...
Compiling thirdparty\libwebp\src\utils\thread_utils.c ...
Compiling thirdparty\libwebp\src\utils\utils.c ...
Compiling modules\webrtc\register_types.cpp ...
Compiling modules\webp\register_types.cpp ...
Compiling modules\webp\webp_common.cpp ...
Compiling modules\webp\resource_saver_webp.cpp ...
Compiling modules\webp\image_loader_webp.cpp ...
Compiling modules\webrtc\webrtc_data_channel.cpp ...
Compiling modules\webrtc\webrtc_data_channel_extension.cpp ...
Compiling modules\webrtc\webrtc_data_channel_js.cpp ...
Compiling modules\webrtc\webrtc_multiplayer_peer.cpp ...
Compiling modules\webrtc\webrtc_peer_connection.cpp ...
Compiling modules\webrtc\webrtc_peer_connection_extension.cpp ...
Linking Static Library bin\obj\modules\module_webp.windows.editor.x86_64.lib ...
Compiling modules\webrtc\webrtc_peer_connection_js.cpp ...
Compiling thirdparty\wslay\wslay_net.c ...
Compiling thirdparty\wslay\wslay_event.c ...
Compiling thirdparty\wslay\wslay_queue.c ...
Compiling thirdparty\wslay\wslay_frame.c ...
Compiling modules\webxr\register_types.cpp ...
Compiling modules\websocket\websocket_multiplayer_peer.cpp ...
Compiling modules\websocket\wsl_peer.cpp ...
Compiling modules\websocket\remote_debugger_peer_websocket.cpp ...
Compiling modules\websocket\websocket_peer.cpp ...
Compiling modules\websocket\emws_peer.cpp ...
Compiling modules\websocket\editor\editor_debugger_server_websocket.cpp ...
Linking Static Library bin\obj\modules\module_webrtc.windows.editor.x86_64.lib ...
Compiling modules\websocket\register_types.cpp ...
Compiling modules\webxr\webxr_interface.cpp ...
Compiling modules\webxr\webxr_interface_js.cpp ...
Compiling thirdparty\xatlas\xatlas.cpp ...
Compiling modules\zip\register_types.cpp ...
Compiling modules\zip\zip_packer.cpp ...
Compiling modules\xatlas_unwrap\register_types.cpp ...
Compiling modules\zip\zip_reader.cpp ...
Generating platform\register_platform_apis.gen.cpp ...
Compiling platform\register_platform_apis.gen.cpp ...
Linking Static Library bin\obj\modules\module_xatlas_unwrap.windows.editor.x86_64.lib ...
Compiling platform\android\api\api.cpp ...
Compiling platform\android\api\jni_singleton.cpp ...
Linking Static Library bin\obj\modules\module_webxr.windows.editor.x86_64.lib ...
Compiling platform\ios\api\api.cpp ...
Compiling platform\visionos\api\api.cpp ...
Compiling platform\web\api\api.cpp ...
Compiling drivers\unix\dir_access_unix.cpp ...
Compiling drivers\unix\file_access_unix.cpp ...
Compiling drivers\unix\file_access_unix_pipe.cpp ...
Compiling drivers\unix\ip_unix.cpp ...
Compiling drivers\unix\net_socket_unix.cpp ...
Compiling drivers\unix\os_unix.cpp ...
Compiling drivers\unix\syslog_logger.cpp ...
Compiling drivers\unix\thread_posix.cpp ...
Compiling drivers\windows\dir_access_windows.cpp ...
Compiling drivers\windows\file_access_windows.cpp ...
Linking Static Library bin\obj\modules\module_zip.windows.editor.x86_64.lib ...
Compiling drivers\windows\file_access_windows_pipe.cpp ...
Linking Static Library bin\obj\modules\module_websocket.windows.editor.x86_64.lib ...
Compiling drivers\windows\ip_windows.cpp ...
Compiling drivers\windows\net_socket_winsock.cpp ...
Compiling drivers\windows\thread_windows.cpp ...
Linking Static Library bin\obj\platform\platform.windows.editor.x86_64.lib ...
Compiling drivers\alsa\audio_driver_alsa.cpp ...
Compiling drivers\pulseaudio\audio_driver_pulseaudio.cpp ...
Compiling drivers\wasapi\audio_driver_wasapi.cpp ...
Compiling drivers\alsamidi\midi_driver_alsamidi.cpp ...
Compiling drivers\winmidi\midi_driver_winmidi.cpp ...
Compiling thirdparty\volk\volk.c ...
Compiling thirdparty\vulkan\vk_mem_alloc.cpp ...
Compiling thirdparty\re-spirv\re-spirv.cpp ...
Compiling thirdparty\glad\gl.c ...
Compiling drivers\gles3\rasterizer_canvas_gles3.cpp ...
Compiling drivers\gles3\rasterizer_gles3.cpp ...
Generating servers\rendering\storage\ltc_lut.gen.h ...
Compiling drivers\gles3\rasterizer_scene_gles3.cpp ...
Compiling drivers\gles3\rasterizer_util_gles3.cpp ...
Compiling drivers\gles3\shader_gles3.cpp ...
Compiling drivers\gles3\storage\config.cpp ...
Compiling drivers\vulkan\vulkan_hooks.cpp ...
Linking Static Library bin\obj\modules\module_visual_shader.windows.editor.x86_64.lib ...
Compiling drivers\vulkan\rendering_context_driver_vulkan.cpp ...
Compiling drivers\vulkan\rendering_device_driver_vulkan.cpp ...
Compiling drivers\vulkan\rendering_shader_container_vulkan.cpp ...
Compiling drivers\gles3\storage\light_storage.cpp ...
Compiling drivers\gles3\storage\material_storage.cpp ...
Compiling drivers\gles3\storage\mesh_storage.cpp ...
Compiling drivers\gles3\storage\particles_storage.cpp ...
Compiling drivers\gles3\storage\render_scene_buffers_gles3.cpp ...
Compiling drivers\gles3\storage\texture_storage.cpp ...
Compiling drivers\gles3\storage\utilities.cpp ...
Compiling drivers\gles3\effects\copy_effects.cpp ...
Compiling drivers\gles3\effects\cubemap_filter.cpp ...
Compiling drivers\gles3\effects\feed_effects.cpp ...
Compiling drivers\gles3\effects\glow.cpp ...
Compiling drivers\gles3\effects\post_effects.cpp ...
Compiling drivers\gles3\environment\fog.cpp ...
Compiling drivers\gles3\environment\gi.cpp ...
Compiling drivers\egl\egl_manager.cpp ...
Compiling thirdparty\sdl\SDL.c ...
Compiling thirdparty\sdl\SDL_assert.c ...
Compiling thirdparty\sdl\SDL_error.c ...
Compiling thirdparty\sdl\SDL_guid.c ...
Compiling thirdparty\sdl\SDL_hashtable.c ...
Compiling thirdparty\sdl\SDL_hints.c ...
Compiling thirdparty\sdl\SDL_list.c ...
Compiling thirdparty\sdl\SDL_log.c ...
Compiling thirdparty\sdl\SDL_properties.c ...
Compiling thirdparty\sdl\SDL_utils.c ...
Compiling thirdparty\sdl\atomic\SDL_atomic.c ...
Compiling thirdparty\sdl\atomic\SDL_spinlock.c ...
Compiling thirdparty\sdl\events\SDL_events.c ...
Compiling thirdparty\sdl\events\SDL_eventwatch.c ...
Compiling thirdparty\sdl\haptic\SDL_haptic.c ...
Compiling thirdparty\sdl\io\SDL_iostream.c ...
Compiling thirdparty\sdl\joystick\SDL_gamepad.c ...
Compiling thirdparty\sdl\joystick\SDL_joystick.c ...
Compiling thirdparty\sdl\joystick\SDL_steam_virtual_gamepad.c ...
Compiling thirdparty\sdl\joystick\controller_type.c ...
Compiling thirdparty\sdl\libm\e_atan2.c ...
Compiling thirdparty\sdl\libm\e_exp.c ...
Compiling thirdparty\sdl\libm\e_fmod.c ...
Compiling thirdparty\sdl\libm\e_log.c ...
Compiling thirdparty\sdl\libm\e_log10.c ...
Compiling thirdparty\sdl\libm\e_pow.c ...
Compiling thirdparty\sdl\libm\e_rem_pio2.c ...
Compiling thirdparty\sdl\libm\e_sqrt.c ...
Compiling thirdparty\sdl\libm\k_cos.c ...
Compiling thirdparty\sdl\libm\k_rem_pio2.c ...
Compiling thirdparty\sdl\libm\k_sin.c ...
Compiling thirdparty\sdl\libm\k_tan.c ...
Compiling thirdparty\sdl\libm\s_atan.c ...
Compiling thirdparty\sdl\libm\s_copysign.c ...
Compiling thirdparty\sdl\libm\s_cos.c ...
Compiling thirdparty\sdl\libm\s_fabs.c ...
Compiling thirdparty\sdl\libm\s_floor.c ...
Compiling thirdparty\sdl\libm\s_isinf.c ...
Compiling thirdparty\sdl\libm\s_isinff.c ...
Compiling thirdparty\sdl\libm\s_isnan.c ...
Compiling thirdparty\sdl\libm\s_isnanf.c ...
Compiling thirdparty\sdl\libm\s_modf.c ...
Compiling thirdparty\sdl\libm\s_scalbn.c ...
Compiling thirdparty\sdl\libm\s_sin.c ...
Compiling thirdparty\sdl\libm\s_tan.c ...
Compiling thirdparty\sdl\sensor\SDL_sensor.c ...
Compiling thirdparty\sdl\sensor\dummy\SDL_dummysensor.c ...
Compiling thirdparty\sdl\stdlib\SDL_crc16.c ...
Compiling thirdparty\sdl\stdlib\SDL_crc32.c ...
Compiling thirdparty\sdl\stdlib\SDL_getenv.c ...
Compiling thirdparty\sdl\stdlib\SDL_iconv.c ...
Compiling thirdparty\sdl\stdlib\SDL_malloc.c ...
Compiling thirdparty\sdl\stdlib\SDL_memcpy.c ...
Compiling thirdparty\sdl\stdlib\SDL_memmove.c ...
Compiling thirdparty\sdl\stdlib\SDL_memset.c ...
Compiling thirdparty\sdl\stdlib\SDL_mslibc.c ...
Compiling thirdparty\sdl\stdlib\SDL_murmur3.c ...
Compiling thirdparty\sdl\stdlib\SDL_qsort.c ...
Compiling thirdparty\sdl\stdlib\SDL_random.c ...
Compiling thirdparty\sdl\stdlib\SDL_stdlib.c ...
Compiling thirdparty\sdl\stdlib\SDL_string.c ...
Compiling thirdparty\sdl\stdlib\SDL_strtokr.c ...
Compiling thirdparty\sdl\thread\SDL_thread.c ...
Compiling thirdparty\sdl\timer\SDL_timer.c ...
Compiling thirdparty\sdl\hidapi\SDL_hidapi.c ...
Compiling thirdparty\sdl\joystick\hidapi\SDL_hidapi_combined.c ...
Compiling thirdparty\sdl\joystick\hidapi\SDL_hidapi_gamecube.c ...
Compiling thirdparty\sdl\joystick\hidapi\SDL_hidapijoystick.c ...
Compiling thirdparty\sdl\joystick\hidapi\SDL_hidapi_luna.c ...
Compiling thirdparty\sdl\joystick\hidapi\SDL_hidapi_ps3.c ...
Compiling thirdparty\sdl\joystick\hidapi\SDL_hidapi_ps4.c ...
Compiling thirdparty\sdl\joystick\hidapi\SDL_hidapi_ps5.c ...
Compiling thirdparty\sdl\joystick\hidapi\SDL_hidapi_rumble.c ...
Compiling thirdparty\sdl\joystick\hidapi\SDL_hidapi_shield.c ...
Compiling thirdparty\sdl\joystick\hidapi\SDL_hidapi_stadia.c ...
Compiling thirdparty\sdl\joystick\hidapi\SDL_hidapi_steam.c ...
Compiling thirdparty\sdl\joystick\hidapi\SDL_hidapi_steamdeck.c ...
Compiling thirdparty\sdl\joystick\hidapi\SDL_hidapi_steam_hori.c ...
Compiling thirdparty\sdl\joystick\hidapi\SDL_hidapi_switch.c ...
Compiling thirdparty\sdl\joystick\hidapi\SDL_hidapi_wii.c ...
Compiling thirdparty\sdl\joystick\hidapi\SDL_hidapi_xbox360.c ...
Compiling thirdparty\sdl\joystick\hidapi\SDL_hidapi_xbox360w.c ...
Compiling thirdparty\sdl\joystick\hidapi\SDL_hidapi_xboxone.c ...
Compiling thirdparty\sdl\core\windows\SDL_gameinput.c ...
Compiling thirdparty\sdl\core\windows\SDL_hid.c ...
Compiling thirdparty\sdl\core\windows\SDL_immdevice.c ...
Compiling thirdparty\sdl\core\windows\SDL_windows.c ...
Compiling thirdparty\sdl\core\windows\SDL_xinput.c ...
Compiling thirdparty\sdl\core\windows\pch.c ...
Compiling thirdparty\sdl\haptic\windows\SDL_dinputhaptic.c ...
Compiling thirdparty\sdl\haptic\windows\SDL_windowshaptic.c ...
Compiling thirdparty\sdl\joystick\windows\SDL_dinputjoystick.c ...
Compiling thirdparty\sdl\joystick\windows\SDL_rawinputjoystick.c ...
Compiling thirdparty\sdl\joystick\windows\SDL_windows_gaming_input.c ...
Compiling thirdparty\sdl\joystick\windows\SDL_windowsjoystick.c ...
Compiling thirdparty\sdl\joystick\windows\SDL_xinputjoystick.c ...
Compiling thirdparty\sdl\thread\generic\SDL_syscond.c ...
Compiling thirdparty\sdl\thread\generic\SDL_sysrwlock.c ...
Compiling thirdparty\sdl\sensor\windows\SDL_windowssensor.c ...
Compiling thirdparty\sdl\thread\windows\SDL_syscond_cv.c ...
Compiling thirdparty\sdl\thread\windows\SDL_sysmutex.c ...
Compiling thirdparty\sdl\thread\windows\SDL_sysrwlock_srw.c ...
Compiling thirdparty\sdl\thread\windows\SDL_syssem.c ...
Compiling thirdparty\sdl\thread\windows\SDL_systhread.c ...
Compiling thirdparty\sdl\thread\windows\SDL_systls.c ...
Compiling thirdparty\sdl\timer\windows\SDL_systimer.c ...
Compiling thirdparty\libpng\png.c ...
Compiling thirdparty\libpng\pngerror.c ...
Compiling thirdparty\libpng\pngget.c ...
Compiling thirdparty\libpng\pngmem.c ...
Compiling thirdparty\libpng\pngpread.c ...
Compiling thirdparty\libpng\pngread.c ...
Compiling drivers\sdl\joypad_sdl.cpp ...
Compiling thirdparty\libpng\pngrio.c ...
Compiling thirdparty\libpng\pngrtran.c ...
Compiling thirdparty\libpng\pngrutil.c ...
Compiling thirdparty\libpng\pngset.c ...
Compiling thirdparty\libpng\pngtrans.c ...
Compiling thirdparty\libpng\pngwio.c ...
Compiling thirdparty\libpng\pngwrite.c ...
Compiling thirdparty\libpng\pngwtran.c ...
Compiling thirdparty\libpng\pngwutil.c ...
Compiling thirdparty\libpng\intel\intel_init.c ...
Compiling thirdparty\libpng\intel\filter_sse2_intrinsics.c ...
Compiling drivers\register_driver_types.cpp ...
Compiling platform\android\export\android_editor_gradle_runner.cpp ...
Compiling platform\android\export\export.cpp ...
Generating platform\android\export\logo_svg.gen.h ...
Generating platform\android\export\run_icon_svg.gen.h ...
Compiling platform\android\export\godot_plugin_config.cpp ...
Compiling platform\android\export\export_plugin.cpp ...
Compiling drivers\png\png_driver_common.cpp ...
Compiling drivers\png\resource_saver_png.cpp ...
Compiling drivers\png\image_loader_png.cpp ...
Compiling platform\android\export\gradle_export_util.cpp ...
Compiling platform\ios\export\export.cpp ...
Generating platform\ios\export\logo_svg.gen.h ...
Generating platform\ios\export\run_icon_svg.gen.h ...
Compiling platform\ios\export\export_plugin.cpp ...
Compiling platform\linuxbsd\export\export.cpp ...
Generating platform\linuxbsd\export\logo_svg.gen.h ...
Generating platform\linuxbsd\export\run_icon_svg.gen.h ...
Compiling platform\linuxbsd\export\export_plugin.cpp ...
Compiling platform\macos\export\export.cpp ...
Generating platform\macos\export\logo_svg.gen.h ...
Generating platform\macos\export\run_icon_svg.gen.h ...
Compiling platform\macos\export\export_plugin.cpp ...
Compiling platform\visionos\export\export.cpp ...
Generating platform\visionos\export\logo_svg.gen.h ...
Generating platform\visionos\export\run_icon_svg.gen.h ...
Compiling platform\visionos\export\export_plugin.cpp ...
Compiling platform\web\export\editor_http_server.cpp ...
Compiling platform\web\export\export.cpp ...
Generating platform\web\export\logo_svg.gen.h ...
Generating platform\web\export\run_icon_svg.gen.h ...
Compiling platform\web\export\export_plugin.cpp ...
Compiling platform\windows\export\export.cpp ...
Generating platform\windows\export\logo_svg.gen.h ...
Generating platform\windows\export\run_icon_svg.gen.h ...
Compiling platform\windows\export\export_plugin.cpp ...
Compiling platform\windows\export\template_modifier.cpp ...
Compiling editor\editor_data.cpp ...
Compiling editor\editor_interface.cpp ...
Compiling editor\editor_log.cpp ...
Compiling editor\editor_main_screen.cpp ...
Compiling editor\editor_node.cpp ...
Compiling editor\editor_undo_redo_manager.cpp ...
Compiling editor\register_editor_types.cpp ...
Generating editor\export\register_exporters.gen.cpp ...
Compiling editor\export\register_exporters.gen.cpp ...
Generating editor\translations\editor_translations.gen.h ...
WARNING: msgfmt not found, using .po files instead of .mo
Generating editor\translations\property_translations.gen.h ...
WARNING: msgfmt not found, using .po files instead of .mo
Compiling editor\translations\property_translations.gen.cpp ...
Generating editor\translations\doc_translations.gen.h ...
WARNING: msgfmt not found, using .po files instead of .mo
Generating editor\translations\extractable_translations.gen.h ...
WARNING: msgfmt not found, using .po files instead of .mo
Compiling editor\translations\editor_translations.gen.cpp ...
Compiling editor\translations\extractable_translations.gen.cpp ...
Compiling editor\animation\animation_bezier_editor.cpp ...
Compiling editor\animation\animation_blend_space_1d_editor.cpp ...
Compiling editor\animation\animation_blend_space_2d_editor.cpp ...
Compiling editor\animation\animation_blend_tree_editor_plugin.cpp ...
Compiling editor\translations\doc_translations.gen.cpp ...
Compiling editor\animation\animation_library_editor.cpp ...
Compiling editor\animation\animation_player_editor_plugin.cpp ...
Compiling editor\animation\animation_state_machine_editor.cpp ...
Compiling editor\animation\animation_track_editor.cpp ...
Compiling editor\animation\animation_track_editor_plugins.cpp ...
Compiling editor\animation\animation_tree_editor_plugin.cpp ...
Compiling editor\asset_library\asset_library_editor_plugin.cpp ...
Compiling editor\asset_library\editor_asset_installer.cpp ...
Compiling editor\audio\audio_stream_editor_plugin.cpp ...
Compiling editor\audio\audio_stream_preview.cpp ...
Compiling editor\audio\audio_stream_randomizer_editor_plugin.cpp ...
Compiling editor\audio\editor_audio_buses.cpp ...
Compiling editor\debugger\debugger_editor_plugin.cpp ...
Compiling editor\debugger\editor_debugger_inspector.cpp ...
Compiling editor\debugger\editor_debugger_node.cpp ...
Compiling editor\debugger\editor_debugger_plugin.cpp ...
Compiling editor\debugger\editor_debugger_server.cpp ...
Compiling editor\debugger\editor_debugger_tree.cpp ...
Compiling editor\debugger\editor_expression_evaluator.cpp ...
Compiling editor\debugger\editor_file_server.cpp ...
Compiling editor\debugger\editor_performance_profiler.cpp ...
Compiling editor\debugger\editor_profiler.cpp ...
Compiling editor\debugger\editor_visual_profiler.cpp ...
Compiling editor\debugger\script_editor_debugger.cpp ...
Compiling editor\debugger\debug_adapter\debug_adapter_parser.cpp ...
Compiling editor\debugger\debug_adapter\debug_adapter_protocol.cpp ...
Compiling editor\debugger\debug_adapter\debug_adapter_server.cpp ...
Compiling editor\doc\doc_tools.cpp ...
Generating editor\doc\doc_data_compressed.gen.h ...
Compiling editor\doc\editor_help_search.cpp ...
Compiling editor\docks\dock_tab_container.cpp ...
Compiling editor\doc\editor_help.cpp ...
Compiling editor\docks\editor_dock.cpp ...
Compiling editor\docks\editor_dock_manager.cpp ...
Linking Static Library bin\obj\drivers\drivers.windows.editor.x86_64.lib ...
Compiling editor\docks\filesystem_dock.cpp ...
Compiling editor\docks\groups_dock.cpp ...
Compiling editor\docks\groups_editor.cpp ...
.\core/templates/hash_map.h(415): fatal error C1060: espa‡o de heap do compilador insuficiente
C:\Program Files (x86)\Microsoft Visual Studio\2022\BuildTools\VC\Tools\MSVC\14.44.35207\include\__msvc_string_view.hpp(1103): fatal error C1060: espa‡o de heap do compilador insuficiente
C:\Program Files (x86)\Microsoft Visual Studio\2022\BuildTools\VC\Tools\MSVC\14.44.35207\include\xstring(610): fatal error C1060: espa‡o de heap do compilador insuficiente
scons: *** [bin\obj\editor\docks\editor_dock_manager.windows.editor.x86_64.obj] Error 2
scons: *** [bin\obj\editor\docks\filesystem_dock.windows.editor.x86_64.obj] Error 2
scons: *** [bin\obj\editor\docks\groups_dock.windows.editor.x86_64.obj] Error 2
.\servers/display/display_server_enums.h(33): fatal error C1060: espa‡o de heap do compilador insuficiente
scons: *** [bin\obj\editor\docks\editor_dock.windows.editor.x86_64.obj] Error 2
.\editor/doc/doc_data_compressed.gen.h(60033): fatal error C1060: espa‡o de heap do compilador insuficiente
scons: *** [bin\obj\editor\doc\editor_help.windows.editor.x86_64.obj] Error 2
editor\translations\doc_translations.gen.cpp(503845): fatal error C1060: espa‡o de heap do compilador insuficiente
scons: *** [bin\obj\editor\translations\doc_translations.gen.windows.editor.x86_64.obj] Error 2
scons: building terminated because of errors.
INFO: Time elapsed: 01:17:24.83
